169128885	FrancImperator	franc
21888595	hale_razor	Razor
739610364975808513	paulsperry_	Paul Sperry
327862439	jonathanvswan	Jonathan Swan
29242321	danteinvest	danteinvest
4531666948	everylotnyc	every lot nyc
3394601549	AmericanBrawn1	Milo le Dplorable
161078090	hsu_steve	steve hsu
4077359361	welovetrump	Abby 
622892516	dwtl13	realDonLewis
24127811	mtracey	Michael Tracey
616297361	MikePenceVP	VP Elect
145345906	BrandonAmbro	Brandon Ambrosino
44067298	michaelmalice	Michael Malice
1959214038	rayszull	Ray Szull
16855888	KBAndersen	Kurt Andersen
472431999	SohrabAhmari	Sohrab Ahmari
9840002	michaelbd	Michael B Dougherty
2282898774	freddiedeboer	Freddie
477088244	clive_crook	Clive Crook
599817378	ScottMGreer	Scott Greer
1490605254	ErezSemaria	Erez Semara
952112047	weknowwhatsbest	THIS JUST IN...
22830650	HeavySan	Heavy.com
4795751938	PfeifferDC	Alex Pfeiffer
28746590	patdixon	Pat Dixon
525318349	TaleebStarkes	Taleeb Starkes
41742794	MarketUrbanism	Market Urbanism
87180920	kcjohnson9	KC Johnson
4098843443	AnnCoulterChat	Ann Coulter Chat
76118161	KevinWGlass	Kevin  Glass
3047722897	MichaelJLindell	Mike Lindell
150281740	SethAMandel	Seth Mandel
284955639	alimhaider	Jubal E. Harshaw
902200087	CassandraRules	Cassandra Fairbanks
3291447454	LaptopShopWH	Tim has issues
80937511	BobNewhart	Bob Newhart
159600953	i88schwartz	Ian
460668975	HuhWellwhatever	Kevin Harrington
3368353559	SoMuchGuardian	So.Much.Guardian
20243128	BrentBozell	Brent Bozell
3951163695	TrumpSelfFunds	John Wick
40260612	bpshow	Bill Press
16589206	wikileaks	WikiLeaks
29547045	official_flo	FLO RIDA
58569513	DPRK_News	DPRK News Service
3083247955	theomegagambit	David Brown
405245067	CassRah89	Cas
68850874	Toothraptor	Blake Toth
541144797	grantstrobl	Grant Strobl
4717892303	V_of_Europe	Voice of Europe
18711016	Ferasj	Feras Jabro
18208354	joerogan	Joe Rogan
83374478	saletan	Will Saletan
22677397	atensnut	Juanita Broaddrick
374284455	Debramax	DeplorableCorgiGirl
2574103121	WallachLori	Lori Wallach
10886522	tavissmiley	Tavis Smiley
273542042	therealroseanne	Roseanne Barr
15910453	jimasher	James Asher
30090568	michaeljnelson	Michael J Nelson
15120464	BillCorbett	Bill Corbett
80082384	RobertJohnDavi	Robert Davi
19107878	GlennThrush	Glenn Thrush
2354049518	vandeRede	Enver's Game
16629208	mposner	Marc Posner
3219481731	KinseyTV	
3958327401	CantStumpTrump1	Comrade Stump
714522046911229952	Workers4Trump	Hardhats 4 Trump
28089206	mars_in_cap	Deplorable Diva
39334221	pastormarkburns	Pastor Mark Burns
74231747	JennyJohnsonHi5	Jenny Johnson
771893362442006528	SweetSunnyGP	SweetSunny
17936412	notsam	Sam Roberts
754798546361126912	Trump4Catholics	Catholics4Trump
438829074	d_seaman	Gab.ai/d_seaman
21268897	joshtpm	Josh Marshall
2592143102	JonFeere	Jon Feere
16509580	WMALDC	WMAL DC
3093242123	HMDatMI	Heather Mac Donald
756350860142182400	DeeconX	DeeconX
358006156	LiveLifeCorAZy	Cory #FreeJared
86129724	costareports	Robert Costa
299802277	BraddJaffy	Bradd Jaffy
16230742	tafrank	T.A. Frank
21921418	parisprocopis	Paris Procopis
20508720	ThePlumLineGS	Greg Sargent
37501003	RaniaKhalek	Rania Khalek
867347492	majoraustin59	Winning_With_Trump
3110905846	therealcornett	Josh Cornett
2149651044	I_AmAmerica	Minister Cage
703314744199892992	RFLPolitics	Politics Group
3253214641	sam_atbo	Queen of the Obvious
236526490	LHSummers	Lawrence H. Summers
1195143002	TheAtomicRaygun	The Atomic Raygun
32240593	Cronikeys	Alison Arkin
27075032	oliverdarcy	Oliver Darcy
15459894	mickeyhart	Mickey Hart
44908387	BobWeir	Bob Weir
993551119	RPBradley1	Richard Bradley
1914072698	RadioIlluminati	Radioilluminati.com
10810102	JohnCleese	John Cleese
14133760	rkylesmith	Kyle Smith
493206826	ScottMcConnell9	Scott McConnell
711923136	carlosberuff	Carlos Beruff
979740954	WinPropP	Colin C
3573472936	w4djt	Women4Donald
2339238427	BreitbartLondon	Breitbart London
15798091	JamesDelingpole	James Delingpole
125128723	RaheemKassam	Raheem Kassam
52136185	MichaelCohen212	Michael Cohen
27702192	Jonathan_Smth	Jonathan Smith
102969620	Soccerpolitics	Laurent Dubois
459483899	Chris_arnade	Chris Arnade
32004130	JoyVBehar	Joy Behar
961589635	JohnCUrschel	John Urschel
787922846	DanielLarison	Daniel Larison
4768403439	AuntBree567	DEPLORABLE AUNT BREE
446228264	grindingdude	TriggaNometry
79366215	frankrichny	Frank Rich
2370421626	realmyiq2xu2	Deplorable Myiq2xu
381618515	votermom	Deplorable VM
17910554	michaelscherer	michaelscherer
21316253	ZekeJMiller	Zeke Miller
35201661	speedracer38	roger
164070785	Lauren_Southern	Lauren Southern
59805816	EasterbrookG	Gregg Easterbrook
6107422	thetimes	The Times of London
42562446	StephenCurry30	Stephen Curry
398271367	EdwardGLuce	Edward Luce
17446621	THR	Hollywood Reporter
22703645	TuckerCarlson	Tucker Carlson
1077395916	RichardTaite	Richard Taite
80096621	BryanCranston	Bryan Cranston
19697415	billmaher	Bill Maher
706959926879334400	pnehlen	Paul Nehlen
101564689	parrikar	Rajan P. Parrikar
16207516	glenngarvin	glenngarvin
15438913	MailOnline	Daily Mail Online
19211550	gatewaypundit	Jim Hoft
23232204	ShaneGoldmacher	Shane Goldmacher
3311080189	MadaGasp	M G
19847765	sahilkapur	Sahil Kapur
3299094305	wordofmouth4	word of mouth
3089155533	LadyAodh	Ann Kelly
33818820	chrisberg630POV	Chris Berg
306059151	ltgiv	Louis T Getterman IV
38696325	modrikamen	Mischal Modrikamen
166270127	TimTebow	Tim Tebow
15508395	jasonbellini	jasonbellini
2355369679	samevans57real	Sam Evans
49717874	georgelopez	George Lopez
2991847975	BrowningMachine	TexitMachine
2896130092	_Amnexis	Amnexis
69593413	matsdimander	Mats Dimander
3886653026	LisaBarksdale3	Lisa
67494190	KIR_bigg50	Will. Power
289860450	PriceMistake_	Price Mistake
5820642	stranahan	Lee Stranahan
15444711	FloridaGOP	Florida GOP
428333	cnnbrk	CNN Breaking News
144918041	LisaCMRichards	Lisa Richards
38497702	dmartosko	David Martosko
42546969	PeteBlackburn	Pete Blackburn
49277942	IvarMol	Ivar Mol
24516301	grammy620	Pat
19143584	OpieRadio	opie radio
119879374	OpieShow	OpieRadio Show
1910999616	czed75	totenhenchen
233338979	IlanaMercer	Ilana Mercer
467891280	JanMorganMedia	Jan Morgan
358545917	Cernovich	Mike Cernovich 
1630603508	AliceTeller	Alice Teller
42825230	JustinRaimondo	Justin Raimondo
15416505	GovMikeHuckabee	Gov. Mike Huckabee
41156811	Grimrin	Deplorable Jorge
4041169169	Aaron_Kasparov	Aaron Kasparov
15446531	mattyglesias	Matthew Yglesias
2185256046	LightHeart114	LightHeart
537709549	LauraLoomer	Laura Loomer
73303753	SenBobCorker	Senator Bob Corker
227373977	MarcACaputo	Marc Caputo
16076032	ggreenwald	Glenn Greenwald
14096763	TheStalwart	Joe Weisenthal
15464697	JuddLegum	Judd Legum
4207961	chrislhayes	Christopher Hayes
24471951	carolmswain	Dr. Carol M. Swain
39344374	DonaldJTrumpJr	Donald Trump Jr.
82447359	ScottBaio	Scott Baio
221134449	KingKurmudgeon	TMART
3154508072	JBurtonXP	J Burton
548078410	LevineJonathan	Jon Levine
170034104	DraperRobert	Robert Draper
2516713003	themitrailleuse	The Mitrailleuse
266800454	NeilMunroDC	Neil Munro
18643437	PrisonPlanet	Paul Joseph Watson
293012979	latimespolitics	L.A. Times Politics
2635672871	Salondotcom	Salon
106204123	JonHaidt	Jonathan Haidt
292388879	EddieZipperer	Eddie Zipperer
