4764686473	KeithSchiller45	Keith Schiller
275451635	HeatherNauert	heather nauert
1111940934	davidplouffe	David Plouffe
244655353	davidaxelrod	David Axelrod
37590426	HallieJackson	Hallie Jackson
620571475	DanScavino	Dan Scavino Jr.
17881467	rebeccagberg	Rebecca Berg
2908170952	DiamondandSilk	Diamond and Silk
471672239	KellyannePolls	Kellyanne Conway
22203756	mike_pence	Mike Pence
475802156	MrsVanessaTrump	Vanessa Trump
245963716	TiffanyATrump	Tiffany Trump
108471631	MELANIATRUMP	MELANIA TRUMP
14251225	jheil	John Heilemann
59331128	PhilipRucker	Philip Rucker
59676104	danbalz	Dan Balz
1180379185	RealBenCarson	Dr. Ben Carson
259001548	kayleighmcenany	Kayleigh McEnany
18678924	jmartNYT	Jonathan Martin
112047805	brithume	Brit Hume
18646108	BretBaier	Bret Baier
29458079	JudgeJeanine	Jeanine Pirro
75541946	LaraLeaTrump	Lara Trump
26487169	LouDobbs	Lou Dobbs
19914257	mviser	Matt Viser
51241574	AP	The Associated Press
196168350	AnnCoulter	Ann Coulter
23970102	oreillyfactor	Bill O'Reilly
41634520	seanhannity	Sean Hannity
50769180	IngrahamAngle	Laura Ingraham
407396556	JDiamond1	Jeremy Diamond
93069110	maggieNYT	Maggie Haberman
71294756	wolfblitzer	Wolf Blitzer
20713061	newtgingrich	Newt Gingrich
86129724	costareports	Robert Costa
14412533	TheFix	Chris Cillizza
4119741	jdickerson	John Dickerson
184136149	MarkHalperin	Mark Halperin
39349894	EricTrump	Eric Trump
39344374	DonaldJTrumpJr	Donald Trump Jr.
52544275	IvankaTrump	Ivanka Trump
17291393	WillieGeist	Willie Geist
18227519	morningmika	Mika Brzezinski
21619519	JoeNBC	Joe Scarborough
15731368	HowardKurtz	HowardKurtz
14529929	jaketapper	Jake Tapper
16157855	edhenry	Ed Henry
3711028103	realHopeCH	Hope
2238074904	bbretonwindham	Bruce Breton
25429371	KatrinaPierson	Katrina Pierson
118784158	michaelglassner	Michael Glassner
3321659496	TrumpNV	Charles Munoz
258138462	DonaldTrumpNH	NH Donald Trump Feed
3579967094	TrumpAdvance	Trump Advance
25073877	realDonaldTrump	Donald J. Trump
