11856032	NBCPolitics	NBC Politics
33750798	ScottWalker	Scott Walker
18916432	SpeakerRyan	Paul Ryan
18956073	dcexaminer	Washington Examiner
804883120193466368	TrumpInaugural	Trump Inauguration
3085835595	periscopetv	Periscope TV
222953824	gov	Twitter Government
4114871654	SXMPolitics	SiriusXMPolitics
44660449	POTUSPressPool	POTUS Press Pool
14529929	jaketapper	Jake Tapper
15433452	JenniferJJacobs	Jennifer Jacobs
35218566	AriFleischer	Ari Fleischer
22203756	mike_pence	Mike Pence
22055109	SteveDoocy	Steve Doocy
799764016885329921	stevenmnuchin1	Steven Mnuchin
159491661	EliHMiller	Eli H. Miller
6577802	RepTomPrice	Tom Price
455252727	jazz3162	Ahmed Zayat
471672239	KellyannePolls	Kellyanne Conway
3364353053	ChairmanEdCox	Ed Cox
30253471	NewYorkGOP	New York GOP
414331122	TSA	TSA
39384517	ICEgov	ICE
15587500	CDC_eHealth	CDC_eHealth
14074515	USAgov	USA.gov
14615871	EPA	U.S. EPA
16613128	CustomsBorder	CBP
17629860	FBI	FBI
14199378	smithsonian	Smithsonian
20437286	usedgov	US Dept of Education
20179628	USDOL	US Labor Department
15649433	TravelGov	Travel - State Dept
16669075	fema	FEMA
15647676	DHSgov	Homeland Security
11348282	NASA	NASA
24752484	OpenGov	Open Government
33998183	whitehouseostp	The White House OSTP
76348185	Interior	US Dept of Interior
78408666	DeptVetAffairs	Veterans Affairs
61853389	USDA	Dept. of Agriculture
28576135	thejointstaff	The Joint Staff
106448460	WhiteHouseHstry	White House History
166252256	ENERGY	Energy Department
153149305	SBAgov	SBA
390320946	WHWeb	WH.gov
110541296	CommerceGov	U.S. Commerce Dept.
66369181	DeptofDefense	U.S. Dept of Defense
73181712	TheJusticeDept	Justice Department
799697080172150784	ashtonARadams	Ashton Adams
765722067501195264	JordanKarem1	Jordan Karem
1129061124	OMGrisham	Stephanie
66208406	bpeede	Bobby Peede
2359926157	CIA	CIA
16261513	KilloughCNN	Ashley Killough
793520358511013888	transition2017	Transition 2017
21010214	BillHemmer	Bill Hemmer
56749157	pdoocy	Peter Doocy
1920976124	HQFOX	America's News HQ
22703645	TuckerCarlson	Tucker Carlson
369505837	WHLive	White House Live
115749048	SecretService	U.S. Secret Service
369245377	NSC44	WH National Security
30313925	WhiteHouse	The White House
1536791610	POTUS	President Obama
17168586	lansing	Gerrit Lansing
17685258	parscale	Brad Parscale
28195764	WSJThinkTank	WSJ Think Tank
720293443260456960	Trump	Trump Organization
4764686473	KeithSchiller45	Keith Schiller
333663029	David_Bossie	David Bossie
770781940341288960	RudyGiuliani	Mayor Rudy Giuliani
47975734	SenatorSessions	Sen. Jeff Sessions
11134252	GOP	GOP
20733972	Reince	Reince Priebus
24578794	Scaramucci	Anthony Scaramucci
14515799	brianstelter	Brian Stelter
16157855	edhenry	Ed Henry
15416505	GovMikeHuckabee	Gov. Mike Huckabee
39308549	DailyCaller	The Daily Caller
4121225056	CLewandowski_	Corey R. Lewandowski
25101996	kimguilfoyle	Kimberly Guilfoyle
254117355	Morning_Joe	Morning Joe
14763734	DigitalTrends	Digital Trends
12480582	adage	Ad Age
36397873	FoxNewsResearch	Fox News Research
2471692340	PastorDScott	Dr.Darrell Scott
215885760	KDORR_USA	Kaelan Dorr
62230014	CaliforniaPanda	Steven Cheung
457984599	BreitbartNews	Breitbart News
20975060	johnrobertsFox	John Roberts
729676086632656900	TeamTrump	Official Team Trump
33908800	kevincorke	Kevin Corke
240454812	GenFlynn	General Flynn
375721095	Breaking911	Breaking911
21434408	EmilyMiller	Emily Miller
1084375028	JasonMillerinDC	Jason Miller
18637396	SaraMurray	Sara Murray
9229672	fox5ny	Fox5NY
55351351	titoortiz	Tito Ortiz
4432916014	PpollingNumbers	Political Polls
358545917	Cernovich	Mike Cernovich 
304988603	NeilWMcCabe	Neil W. McCabe
17561562	slone	slone
127941629	GrrrGraphics	BenGarrison Cartoons
22771961	Acosta	Jim Acosta
71294756	wolfblitzer	Wolf Blitzer
20776147	seanspicer	Sean Spicer
275451635	HeatherNauert	heather nauert
220081296	HeatherChilders	Heather Childers
20713061	newtgingrich	Newt Gingrich
39334221	pastormarkburns	Pastor Mark Burns
2332354080	SandraSmithFox	Sandra Smith
13850422	CNNPolitics	CNN Politics
34310801	CNNSitRoom	The Situation Room
46681100	marthamaccallum	martha maccallum
17469289	nypost	New York Post
20707966	LizClaman	Liz Claman
281610530	Varneyco	Varney & Co.
15738599	observer	OBSERVER
18963809	moody	Chris Moody
1628841380	AdrianaCohen16	Adriana Cohen
255109294	Evins	Sean Evins
259001548	kayleighmcenany	Kayleigh McEnany
599455091	PoJoNSchutzman	Nina Schutzman
18313747	HARRISFAULKNER	HARRISFAULKNER
3308560736	vivelafra	ViveLaFrance
5509762	SarahHuckabee	Sarah Huckabee
4041824789	RSBNetwork	RSBN TV
80082384	RobertJohnDavi	Robert Davi
3439194945	DarrenJJordan	Darren Jordan
594886554	TheLastRefuge2	TheLastRefuge
7998482	usatoday2016	USA TODAY 2016
41634520	seanhannity	Sean Hannity
31628934	JerryFalwellJr	J L Falwell
36452050	AndreaTantaros	Andrea Tantaros
1367531	FoxNews	Fox News
26487169	LouDobbs	Lou Dobbs
56561449	jessebwatters	Jesse Watters
282695161	WayneDupreeShow	Wayne Dupree
12354832	kasie	Kasie Hunt
46176168	MajorCBS	Major Garrett
63228779	DefendingtheUSA	DefendingtheUSA
86129724	costareports	Robert Costa
15513604	foxandfriends	FOX & friends
90705616	Darlene4NY	Darlene Rodriguez
222177780	DariAlexander	Dari Alexander
2254977883	LewsView	Lew Leone
16051471	donlemon	Don Lemon
184136149	MarkHalperin	Mark Halperin
37590426	HallieJackson	Hallie Jackson
24638657	JTSantucci	John Santucci
280802463	woodmank104	Woodman
17243733	NoahGrayCNN	Noah Gray
56413858	FoxBusiness	FOX Business
27895304	heytana	Tana Goertz
19211550	gatewaypundit	Jim Hoft
759251	CNN	CNN
27905468	randrewcarroll	Andrew Carroll
2908170952	DiamondandSilk	Diamond and Silk
25429371	KatrinaPierson	Katrina Pierson
245963716	TiffanyATrump	Tiffany Trump
39344374	DonaldJTrumpJr	Donald Trump Jr.
14669951	DRUDGE_REPORT	DRUDGE REPORT
475802156	MrsVanessaTrump	Vanessa Trump
789959215	BARRONTRUMP	Barron Trump
21757802	RobAstorino	Rob Astorino
17581393	marcmolinaro	Marc Molinaro
25413556	LynnePatton	Lynne Patton
38471535	AmandaTMiller	Amanda Miller
108471631	MELANIATRUMP	MELANIA TRUMP
154567275	EricTrumpFdn	The Eric Trump Fdn
75541946	LaraLeaTrump	Lara Trump
39349894	EricTrump	Eric Trump
25073877	realDonaldTrump	Donald J. Trump
52544275	IvankaTrump	Ivanka Trump
