44804788	cmahfouz	Christl Mahfouz
993951428	iamgavinjames	Gavin James Smith
244844283	brunelldonald	Brunell Donald-Kyei,
19017675	Nigel_Farage	Nigel Farage
780411785564348416	TrumpWomensTour	Trump Women's Tour
729676086632656900	TeamTrump	Official Team Trump
22203756	mike_pence	Mike Pence
25413556	LynnePatton	Lynne Patton
471672239	KellyannePolls	Kellyanne Conway
39334221	pastormarkburns	Pastor Mark Burns
4380273612	thedonaldreddit	/r/The_Donald
80082384	RobertJohnDavi	Robert Davi
47975734	SenatorSessions	Sen. Jeff Sessions
63291287	REALStaceyDash	Stacey Dash
63796828	verified	Twitter Verified
4041824789	RSBNetwork	RSBN TV
281610530	Varneyco	Varney & Co.
722252019331899392	WomenUnited4DJT	Women United 4 Trump
31115275	RussParrShow	Russ Parr Show
16799621	OMAROSA	OMAROSA
27895304	heytana	Tana Goertz
18646108	BretBaier	Bret Baier
41634520	seanhannity	Sean Hannity
65493023	SarahPalinUSA	Sarah Palin
282695161	WayneDupreeShow	Wayne Dupree
52136185	MichaelCohen212	Michael Cohen
25429371	KatrinaPierson	Katrina Pierson
75541946	LaraLeaTrump	Lara Trump
39344374	DonaldJTrumpJr	Donald Trump Jr.
4121225056	CLewandowski_	Corey R. Lewandowski
39349894	EricTrump	Eric Trump
242618658	AppSame	AppSame
108471631	MELANIATRUMP	MELANIA TRUMP
29458079	JudgeJeanine	Jeanine Pirro
63843485	Tea4Freedom	Trumper
3723723982	Ma1973sk	TrumpCoastOfSC
58510019	pambesteder	Pam Besteder
620571475	DanScavino	Dan Scavino Jr.
13850422	CNNPolitics	CNN Politics
52544275	IvankaTrump	Ivanka Trump
759251	CNN	CNN
25073877	realDonaldTrump	Donald J. Trump
1652541	Reuters	Reuters Top News
