4289460455	asamjulian	Asa J 
18451200	politico_45	POLITICO 45
9508922	JimDeMint	Jim DeMint
76348185	Interior	US Dept of Interior
29216764	Judgenap	Judge Napolitano
11651202	SteveDaines	Steve Daines
1906282568	RyanZinke	Ryan Zinke
118756393	AmbJohnBolton	John Bolton
804883120193466368	TrumpInaugural	Trump Inauguration
2953494478	RepRyanZinke	Ryan Zinke
34568463	Beretta_1526	BERETTA
386257670	Vincent_hancock	Vincent Hancock
244268646	RepMikePompeo	Mike Pompeo
876379135	KironSkinner	Kiron Skinner
414419481	TaylorDruryDOD	TAYLOR DRURY
19524540	RLeeErmey	R. Lee Ermey
98906083	conservatyler	Tyler Bowyer
16163639	NolteNC	CNN Is HitlerMaximus
516080186	donaldkpeay	donald k peay
358545917	Cernovich	Mike Cernovich 
935172458	SavoyLeather	SavoyLeather
275276082	Thomas1774Paine	Thomas Paine
41980930	MarcusLuttrell	Marcus Luttrell
770781940341288960	RudyGiuliani	Mayor Rudy Giuliani
131014117	TraegerGrills	Traeger Grills
16989178	JamesOKeefeIII	James O'Keefe
729676086632656900	TeamTrump	Official Team Trump
18071459	MarkSimoneNY	MARK SIMONE
1912576375	IamQueenAri	Ariana Rowlands
17685258	parscale	Brad Parscale
91882544	DineshDSouza	Dinesh D'Souza
17980523	mitchellvii	Bill Mitchell
397545273	realJeffreyLord	Jeff Lord
491719838	TPUSA	Turning Point USA
18983793	ShannonBream	Shannon Bream
89126030	KimRhode	Kim Rhode
141084952	IsraeliPM	PM of Israel
22642788	pewresearch	Pew Research Center
334715818	BuckSexton	Buck Sexton
114377586	silencerco	SilencerCo
1638671258	MattPalumbo12	Matt Palumbo
42822396	YoungCons	Young Conservatives
3498448812	YoungDems4Trump	Democrats for Trump
266894776	AJDelgado13	A.J. Delgado
2687764388	MarkGeistSWP	Mark Geist
24578794	Scaramucci	Anthony Scaramucci
4235652329	Cuz411	Cuz Strickland
259001548	kayleighmcenany	Kayleigh McEnany
7039122	CRNC	College Republicans
292929271	charliekirk11	Charlie Kirk
468646961	TomiLahren	Tomi Lahren
183502719	BigHeadSports	BigHeadSports
241382835	prattprattpratt	chris pratt
3282973915	MedianPolitics	Median Politics
15224867	andersoncooper	Anderson Cooper
190905427	ForAmerica	ForAmerica
478855762	JessieJaneDuff	Jessie Jane Duff
36082429	jack_welch	Jack Welch
18643437	PrisonPlanet	Paul Joseph Watson
471672239	KellyannePolls	Kellyanne Conway
720293443260456960	Trump	Trump Organization
231653036	JSchanzer	Jonathan Schanzer
712855103842213888	jallenglobal	J. Allen Enterprises
282673318	USOPTICS	U.S. Optics, Inc.
22203756	mike_pence	Mike Pence
231592153	PhilBryantMS	Phil Bryant
4870746007	CounterJihadUS	CounterJihad
1084375028	JasonMillerinDC	Jason Miller
93904429	JasonDovEsq	(((J. Greenblatt)))
48029066	JamesRosenFNC	James Rosen
20776147	seanspicer	Sean Spicer
16589206	wikileaks	WikiLeaks
14251225	jheil	John Heilemann
336242259	andydean2014	Andy Dean
109065990	RealAlexJones	Alex Jones
2332414886	SierraBullets	Sierra Bullets
17344775	fbuckley	Frank Buckley
292695870	monicalangley	Monica Langley
27915028	antoniosabatojr	Antonio Sabto Jr
240454812	GenFlynn	General Flynn
1074480192	SenTedCruz	Senator Ted Cruz
15745368	marcorubio	Marco Rubio
15985455	GovPenceIN	Governor Mike Pence
49736166	peterthiel	Peter Thiel
952112047	weknowwhatsbest	THIS JUST IN...
727472528	instapundit	Instapundit.com
15433452	JenniferJJacobs	Jennifer Jacobs
54013169	TrumpTurnberry	Trump Turnberry
22771961	Acosta	Jim Acosta
15207668	HouseGOP	House Republicans
20733972	Reince	Reince Priebus
11134252	GOP	GOP
38284349	WayneRoot	Wayne Allyn Root
370050190	FieldsportsMag	Fieldsports Magazine
27995424	johncardillo	John Cardillo
121574367	LisaMarieBoothe	Lisa Boothe
550730704	WendyLongNY	Wendy Long
732374863315271680	ReaganProject	Reagan Project
29772561	sportspickle	SportsPickle
21220931	LukeRussert	Luke Russert
188969454	PaulBabeuAZ	Sheriff Paul Babeu
21823532	DailyDilbert	Dilbert
55982564	VikingTactics	Kyle Lamb
76987599	Fehertwit	David Feherty
16548500	bigandrich	Big & Rich
2905512449	AimpointUSA	Aimpoint, Inc.
142339174	RitaCosby	Rita Cosby
23798694	CharlieDaniels	Charlie Daniels
76543481	BorisEP	Boris Epshteyn
33489438	RCRracing	RCR
725079374	LoganBreckling	Logan Breckling
1532497832	ejsnyder333	E.J. Snyder
18253799	mikeroweworks	The Real Mike Rowe
2277899634	poynter_bryan	Bryan Poynter
194939483	chuckpaddock	chuck paddock
381208041	halshaffer	Drop Zone TV
275451635	HeatherNauert	heather nauert
26668729	John_Hudson	John Hudson
1651373700	BeavrCreekCalls	BeaverCreekGameCalls
177540789	Pro_Hunt58	Trent Cole
239871673	RepLouBarletta	Rep. Lou Barletta
116604329	Marino4Congress	Tom Marino
305535963	DerekStoy	Derek Stoy
19847765	sahilkapur	Sahil Kapur
2715248466	VistaOutdoorInc	Vista Outdoor
711188856943411200	PaulManafort	Paul Manafort
14962779	howardfineman	Howard Fineman
82689705	NewRepublic	New Republic
392739061	DividendMaster	Dividend Master
194272236	OldRowOfficial	Old Row
38497702	dmartosko	David Martosko
61220477	ppppolls	PublicPolicyPolling
37535548	WalidPhares	Walid Phares
127721328	slingfish	SLINGFISH
1377608966	FLFreedivers	FloridaFreedivers
2471692340	PastorDScott	Dr.Darrell Scott
20016304	MassadAyoob	Massad Ayoob
23020299	LarryVickers	Larry Vickers
3041332764	BrownBCI	JB Brown
2342653614	GHughes51	Speaker Greg Hughes
294728278	JonHuntsman	Jon Huntsman
46681100	marthamaccallum	martha maccallum
15416505	GovMikeHuckabee	Gov. Mike Huckabee
128498281	aglfarquhar	Alex Farquhar
1180379185	RealBenCarson	Dr. Ben Carson
82432490	MrsScottBaio	Renee Baio
25053299	FortuneMagazine	Fortune
151920993	Outdoor_Hub	OutdoorHub
193160214	KrisKobach1787	Kris W. Kobach
373034706	evanthomas1985	Evan Thomas
29458079	JudgeJeanine	Jeanine Pirro
2853461537	ScottAdamsSays	Scott Adams
44397959	WilkowMajority	Andrew Wilkow
1347285918	ChrisChristie	Chris Christie
186646579	ainsleyearhardt	Ainsley Earhardt
3154508072	JBurtonXP	J Burton
144130505	totalfratmove	TFM
1305596696	Rep_Hunter	Rep. Duncan Hunter
531627880	HuntsmanAbby	Abby Huntsman
70771229	ThomasARoberts	Thomas Roberts
15198507	mmckinnon	Mark McKinnon
4180072252	SHO_TheCircus	The Circus
369758406	BigGame_Forever	Big Game Forever
15914986	Mobute	Big Xmas Jeb Lund
174908763	keithmarkmra	Keith Mark
3029328753	thelindseyway	The Lindsey Way
3374237171	theflyninja	Grant Bench
73991370	CarbonExpress	Carbon Express
27026997	Emerson_knives	Emerson Knives
142839300	DanBilzerian	Dan Bilzerian
325697489	SureFireLLC	SureFire
40089615	BenchmadeKnives	Benchmade Knife Co.
26820275	SenScottBrown	Scott P. Brown
22650211	GMA	Good Morning America
17074440	GStephanopoulos	GeorgeStephanopoulos
89820928	mitchellreports	Andrea Mitchell
20608910	davidgregory	David Gregory
11856892	MeetThePress	Meet the Press
50325797	chucktodd	Chuck Todd
39000115	KatyTurNBC	Katy Tur
39308549	DailyCaller	The Daily Caller
22703645	TuckerCarlson	Tucker Carlson
71279492	wtu1	Dennis Malloy
114547606	StephenBannon	Stephen K. Bannon
21426423	mboyle1	Matthew Boyle
130945778	mollyesque	Molly Ball
93069110	maggieNYT	Maggie Haberman
20713061	newtgingrich	Newt Gingrich
86129724	costareports	Robert Costa
28184604	ChefDavidBurke	Chef David Burke
2314391886	TrumpDC	Trump Washington DC
633808994	Twilight_Metal	Twilight MetalWorks
12354832	kasie	Kasie Hunt
1297627843	ruffedoutdoors	Ruffed Outdoors
17291393	WillieGeist	Willie Geist
21619519	JoeNBC	Joe Scarborough
18227519	morningmika	Mika Brzezinski
48802204	HardballChris	Chris Matthews
254117355	Morning_Joe	Morning Joe
3246779110	BoytHarnessCo	Boyt Harness Company
