25413556	LynnePatton	Lynne Patton
35218566	AriFleischer	Ari Fleischer
237811805	jayawallace	Jay Wallace
1629244514	MrLeonardKim	Leonard Kim
20956414	BradEYoung	Brad Everett Young
15985455	GovPenceIN	Governor Mike Pence
19173787	allahpundit	Allahpundit
66429119	YosefMel	NadaNosDetiene VZLA
2529971	cdixon	Chris Dixon
1084375028	JasonMillerinDC	Jason Miller
272175633	247razz	tim cornwell
127245578	wordstionary	Quotes
2181453624	FedsLive	Feds Live
771038580349165568	Gravity1223	Allison Powell
2996253413	RandyRRQuaid	Randy Quaid
727603401933135873	ABCDesignated	Designated Survivor
781823985923268608	libertynlashes	LNL
3260518932	TwitterMoments	Twitter Moments
1362368612	MaxAbrahms	Max Abrahms
727472528	instapundit	Instapundit.com
41203685	sseagalofficial	Steven Seagal
36972878	DawnsKiss	Dawn Lightsey
20118767	RealDrGina	Gina Gentry Loudon
297532865	kwelkernbc	Kristen Welker
860807042	KristinBTate	Kristin Tate
34036358	gabrielsherman	Gabriel Sherman
720864065174700033	EricBolling2	Eric Bolling
111199728	RealKurtAngle	Kurt Angle
20713061	newtgingrich	Newt Gingrich
32004130	JoyVBehar	Joy Behar
284602545	WhoopiGoldberg	Whoopi Goldberg
21258337	TheView	The View
3836008983	PlaysTrumpCard	PlayTheTrumpCard
7433772	emilysteel	Emily Steel
372957463	iSellsafe	iSellsafe.com
163505280	vandives	AEV
27915028	antoniosabatojr	Antonio Sabto Jr
2712845118	PrissyHolly	 Prissy Holly 
122207745	SpecialReport	Special Report Team
18805644	FoxNewsSunday	FoxNewsSunday
19268706	secupp	S.E. Cupp
56561449	jessebwatters	Jesse Watters
1468278608	FNReporting	Fox News Reporting
46176168	MajorCBS	Major Garrett
701821488	GOPSenFinance	GOP Senate Finance
15901113	davecatanese	David Catanese
236026761	DylanByers	Dylan Byers
15988710	TomBevanRCP	Tom Bevan
1462611546	21CF	21st Century Fox
396704627	EboniKWilliams	Eboni K. Williams
52136185	MichaelCohen212	Michael Cohen
34927577	cnsnews	CNSNews.com
15441965	AriMelber	Ari Melber
8883192	FTVLive	FTVLive
76603553	AmyDickson	Amy Dickson
1367531	FoxNews	Fox News
462437777	ZacharyAndretti	Highspeed Turbo Thot
18856867	zerohedge	zerohedge
36397873	FoxNewsResearch	Fox News Research
1141455271	Blonde_Politico	Blonde Politico
43948670	Brialalexi	Alexi
1115874631	cctvnews	CCTVNEWS
5741722	nprpolitics	NPR Politics
41694302	AliBradleyTV	Ali Bradley
112047805	brithume	Brit Hume
22936237	Carolde	Carol
12612432	jpodhoretz	John Podhoretz
92079350	mmurraypolitics	Mark Murray
17525171	Variety	Variety
246500501	GeraldoRivera	Geraldo Rivera
4180072252	SHO_TheCircus	The Circus
17995040	benshapiro	Ben Shapiro
47253057	RogerJStoneJr	Roger Stone
25429371	KatrinaPierson	Katrina Pierson
184136149	MarkHalperin	Mark Halperin
18983793	ShannonBream	Shannon Bream
138809881	mschlapp	Matt Schlapp
620571475	DanScavino	Dan Scavino Jr.
11134252	GOP	GOP
120295432	CPAC	CPAC 2017
16228398	mcuban	Mark Cuban
2885566502	DavidMLatt	David Michael Latt
177564016	SteveDeaceShow	Steve Deace
498982321	briansflood	Brian Flood
4735550317	YouAreDogNow	YouAreDogNow
73401063	tabacoffd	david tabacoff
940368062	RedNationRising	RedNationRising
347627434	LindaSuhler	Linda Suhler, Ph.D.
50679073	maryannstewart1	MaryAnn
22663306	my3monkees	Melissa
14267557	tommyxtopher	Tommy Christopher
129235890	Lrihendry	Lori Hendry 
3020455940	lynn_weiser	Lady Patriot
20079232	ldesiena	Louis DeSiena
746511344	funymnjamo	VladTheHacker
740874799	chrgdup1973	gab.ai/Chrgdup1973
21360280	MurrayNewlands	Murray Newlands
260907612	united	United
2328213050	JimMcAl97307903	Jim McAllister
109146462	JaimieLaBella	Jaimie La Bella
39264827	GuyAdami	Guy Adami
180509355	kateesackhoff	Katee Sackhoff
115390752	Fastnote	Fastnote
1105540556	Alexa_Belle_	Christie
250205792	SHO_Homeland	Homeland
161319475	foxnewslatino	Fox News Latino
194447068	FoxNewsPhotos	FoxNewsPhotos
1329874646	foxnewspoll	Fox News Poll
539566673	JohnRLottJr	John R Lott Jr.
2876474782	kittreantanner	Kittrean
28740137	bzaz	B.Z.
426917520	scottienhughes	Scottie Nell Hughes
116775999	CarrollDoherty	Carroll Doherty
11866582	LOLGOP	LOLGOP
21348880	Timodc	Tim Miller
1953053407	WhereIsYourPen	E. Emmanuel
3288485065	AirForceWife475	Deb
3562091358	jdwightellison	John Ellison
19426551	NFL	NFL
60680268	JedediahBila	Jedediah Bila
60680268	JedediahBila	Jedediah Bila
254117355	Morning_Joe	Morning Joe
2352134256	pattimagnon	Patti  
388555493	CondoleezzaRice	Condoleezza Rice
65691824	CarlyFiorina	Carly Fiorina
1180379185	RealBenCarson	Dr. Ben Carson
33750798	ScottWalker	Scott Walker
113047940	JebBush	Jeb Bush
52544275	IvankaTrump	Ivanka Trump
39349894	EricTrump	Eric Trump
39344374	DonaldJTrumpJr	Donald Trump Jr.
111163321	camomonkey1	camomonkey
21521803	FanOfGreenMMs	 Kathleen 
35216399	Patriotic_Me	Trump Won Twice 
2484313128	CarlSpakler2	Mark Sawyer
190905427	ForAmerica	ForAmerica
3309489965	LysaneSanchez	Lysane Sanchez
93575491	Gays4ChickFilA	Gays4ChickFilA
261749735	steph93065	Steph
174044656	PetroChase	PetroChase
96782195	PelaelOjo	Tytus Tyberious
29789545	AndreaFeczko	Andrea Feczko
110445334	megynkelly	Megyn Kelly
3056746427	JessicaTarlov	Jessica Tarlov
8771502	RicardoLopez_VJ	Ricardo Lopez
26834837	lingling23	Lisa Rohlfing
454119389	BecketAdams	T. Becket Adams
16937669	mofopolitics	mp
118845216	SheriffClarke	David A. Clarke, Jr.
1408003598	FDRLST	The Federalist
474464413	TheIJR	Independent Journal
15087011	romenesko	Romenesko
233484761	charlescwcooke	Charles C. W. Cooke
48595094	Alaskan_Gypsy	Danyel
15300388	PatDollard	Patrick Dollard
254186356	billburton	Bill Burton
37599351	benlandis	Ben Landis
1536791610	POTUS	President Obama
393190233	LeahR77	Russian Agent
3167399598	KyFnc	Kyle Nolan
2726311681	CarlaChamorros	Carla Chamorro
16667912	IWF	IWF
23022687	tedcruz	Ted Cruz
732980827	ChristiChat	CC
460378065	jhodnot	Jeanne
111225697	WayneBogda	Wayne's World 
15580381	NFredman	Nate Fredman
954124423	AmyMek	Amy Mek
108155579	ProfessorF	Nick Flor-ProfessorF
21570308	julieverhage	Julie VerHage
2606410615	Ledplant70	Jeff
23016395	ehasselbeck	elisabeth hasselbeck
15481938	WakeUpAmerica	@WakeUpAmerica
214145481	blkwdw2963	blkwdw2963
115109785	AUG_RickMcKee	Rick McKee
1657585958	tjamesoneill	Thomas O'Neill
930911977	mariannecope	Marianne
443215941	Sethrogen	Seth Rogen
2902031256	WEdwarda	Ava- I love my USA!
26813101	CBSTweet	CBS Tweet
1626795866	KarenMonsour12	Karen
473637671	jrgaillot	JR Gaillot
18336239	kotuzak	red
521033490	SocialSeerCom	Charles McGuinness
97739866	CBS	CBS Television
631478663	ABCNetwork	ABC Network
26585095	nbc	NBC
16537989	FOXTV	FOX
246481013	HowardStern	Howard Stern
21023681	danabrams	Dan Abrams
1126947913	LTC_Hunter	DeplorableLTC Hunter
78523300	RealJamesWoods	James Woods
26218305	Scully64	Scully #CashinInVC
33792634	andrewrsorkin	Andrew Ross Sorkin
29216764	Judgenap	Judge Napolitano
182107650	PageSix	Page Six
18089606	KurtSchlichter	Kurt Schlichter
2641064309	SarahGDuPont	Sarah DuPont
2635285247	HenryCabtLodge	Henry Cabot Lodge
2322171159	LeslieDupontxo	Leslie Dupont
