599530439	BetsyDeVos	Betsy DeVos
799764016885329921	stevenmnuchin1	Steven Mnuchin
39078695	trfgrp	Trafalgar Group
203310071	ApostolGM	Apostol G. Maldonado
76707735	QuinnipiacPoll	Quinnipiac Poll
29084047	AlisaApps	Alisa Apps
259001548	kayleighmcenany	Kayleigh McEnany
266894776	AJDelgado13	A.J. Delgado
2417586104	SebGorka	Sebastian Gorka
2471692340	PastorDScott	Dr.Darrell Scott
39334221	pastormarkburns	Pastor Mark Burns
240454812	GenFlynn	General Flynn
17980523	mitchellvii	Bill Mitchell
19651222	BlairMillerTV	Blair Miller
850036892	Project_Veritas	Project Veritas
16989178	JamesOKeefeIII	James O'Keefe
26931835	Seth_Unger	Seth Unger
4432916014	PpollingNumbers	Political Polls
163505280	vandives	AEV
292929271	charliekirk11	Charlie Kirk
759081003168112640	jonvoight	Jon Voight
19553409	Rasmussen_Poll	Rasmussen Reports
35218566	AriFleischer	Ari Fleischer
4660509148	Trump2016HQ	TRUMP HQ
2448135692	OutnumberedFNC	Outnumbered
23245909	julieroginsky	Julie Roginsky
29515247	MelissaAFrancis	Melissa Francis
3889878142	ChrisSnyderFox	Chris Snyder
319666759	CandaceSmith_	Candace Smith
38497702	dmartosko	David Martosko
21104257	sarahmccammon	Sarah McCammon NPR
17243733	NoahGrayCNN	Noah Gray
31058145	alivitali	Ali Vitali
18087749	radiotalkermike	Mike Gallagher
2941802980	NikoTheFarmer	Niko, I'm with Trump
11134252	GOP	GOP
3118705906	joshgremillion	Josh Gremillion
24578794	Scaramucci	Anthony Scaramucci
18313747	HARRISFAULKNER	HARRISFAULKNER
3677742792	immigrant4trump	Immigrants4Trump
2217181338	conserv_tribune	Conservative Tribune
404422077	SquawkCNBC	Squawk Box
553036368	JoeSquawk	Joe Kernen
720293443260456960	Trump	Trump Organization
118845216	SheriffClarke	David A. Clarke, Jr.
471672239	KellyannePolls	Kellyanne Conway
76543481	BorisEP	Boris Epshteyn
56561449	jessebwatters	Jesse Watters
64595423	EyeOnFreedom	Proud Deplorable!
1084375028	JasonMillerinDC	Jason Miller
729676086632656900	TeamTrump	Official Team Trump
19737700	JoeTalkShow	Joe Pags Pagliarulo
310720054	GeorgeParros	George Parros
22203756	mike_pence	Mike Pence
15985455	GovPenceIN	Governor Mike Pence
711188856943411200	PaulManafort	Paul Manafort
402807652	TrumpGolfPhilly	Trump Philadelphia
312800783	AmericaNewsroom	America's Newsroom
37556811	Paige_Mackenzie	Paige Mackenzie
340027403	calicorhinebeck	calico restaurant
835603861	HillAthletics	Hill Athletics
20776147	seanspicer	Sean Spicer
208155240	MariaBartiromo	Maria Bartiromo
358230409	RPTurnberry	Ralph Porciani
15570213	kevcirilli	Kevin Cirilli
110445334	megynkelly	Megyn Kelly
314443860	TheTodaysGolfer	Today's Golfer
183310940	TheSlyStallone	Sylvester Stallone
93069110	maggieNYT	Maggie Haberman
20733972	Reince	Reince Priebus
66267332	MrDanZak	Dan Zak
26487169	LouDobbs	Lou Dobbs
15931637	jonkarl	Jonathan Karl
1347285918	ChrisChristie	Chris Christie
17685258	parscale	Brad Parscale
632336890	TrumpGolfLinks	TrumpGolfScotland
402770316	TrumpPhillyPro	David Cartwright
402752143	TrumpPhillyGolf	James Cunningham
43375031	MattLaDolcetta	Matthew LaDolcetta
34743251	SpaceX	SpaceX
254117355	Morning_Joe	Morning Joe
1917731	thehill	The Hill
20094138	RealClearNews	RealClearPolitics
20713061	newtgingrich	Newt Gingrich
1180379185	RealBenCarson	Dr. Ben Carson
503400523	CarlHigbie	Carl Higbie
4707314476	menzinblack	Alex Menzel
3154508072	JBurtonXP	J Burton
1487846678	GretchenCarlson	Gretchen Carlson
15438913	MailOnline	Daily Mail Online
118784158	michaelglassner	Michael Glassner
28184604	ChefDavidBurke	Chef David Burke
77888423	OMGFacts	OMG Facts
352145373	WhatTheFFacts	What The F*** Facts
24638657	JTSantucci	John Santucci
28785486	ABC	ABC News
20608910	davidgregory	David Gregory
267921808	RobinRoberts	Robin Roberts
17074440	GStephanopoulos	GeorgeStephanopoulos
22650211	GMA	Good Morning America
14529929	jaketapper	Jake Tapper
21619519	JoeNBC	Joe Scarborough
457984599	BreitbartNews	Breitbart News
23676902	JC_Boisset	Jean-Charles Boisset
247723476	DRUDGE	MATT DRUDGE
254189974	williebosshog	Willie Robertson
371586179	JimShockey_	Jim Shockey
46681100	marthamaccallum	martha maccallum
29458079	JudgeJeanine	Jeanine Pirro
322603418	ErinBurnett	Erin Burnett
361342191	OutFrontCNN	OutFrontCNN
65493023	SarahPalinUSA	Sarah Palin
2332354080	SandraSmithFox	Sandra Smith
11611052	foxnewsradio	FOX News Radio
560668259	Scottmarr8	Scott Marr
63228779	DefendingtheUSA	DefendingtheUSA
2314391886	TrumpDC	Trump Washington DC
50769180	IngrahamAngle	Laura Ingraham
196168350	AnnCoulter	Ann Coulter
25429371	KatrinaPierson	Katrina Pierson
14345062	postpolitics	Post Politics
2097571	cnni	CNN International
13850422	CNNPolitics	CNN Politics
4121225056	CLewandowski_	Corey R. Lewandowski
2908170952	DiamondandSilk	Diamond and Silk
391368722	Rckeating	Ron Keating
18646108	BretBaier	Bret Baier
528996549	Gavin_Trump_TNC	Gavin J. Arsenault
16031927	greta	Greta Van Susteren
80082384	RobertJohnDavi	Robert Davi
43166813	NASA_Astronauts	NASA Astronauts
11348282	NASA	NASA
3395964711	Women4Trump	Women 4 Trump
551311059	ShannonSteitz1	Shannon Steitz
14669951	DRUDGE_REPORT	DRUDGE REPORT
3256554623	trumptowerpde	Trump Tower PDE
311095986	roedigerj	Joe Roediger
54013169	TrumpTurnberry	Trump Turnberry
68697725	Max_Michel	Max Michel
537423224	doug_koenig	doug koenig
158240651	ClareFieseler	Clare Fieseler
2798938498	SaveCulzean	SAVE CULZEAN
2207277096	HillAlumni	The Hill Alumni
26462959	GregTtheFratBoy	Greg T
22324642	RealGilbert	Gilbert Gottfried
36220671	LeezaGibbons	Leeza Gibbons
39695043	northwesternsig	Sig Hansen
61387670	BrandiGlanville	Brandi Glanville
246500501	GeraldoRivera	Geraldo Rivera
268318618	Kateplusmy8	Kate Gosselin
595965174	lorenzolamas	Lorenzo Lamas
2416344108	JohnnyDamon	Johnny Damon
2813604714	TrumpFerryPoint	Trump Ferry Point
223970563	TeamCavuto	Neil Cavuto
845012778	Males_Thoughts	Men's Thoughts
742143	BBCWorld	BBC News (World)
5988062	TheEconomist	The Economist
14677919	NewYorker	The New Yorker
15492359	TEDTalks	TED Talks
14800270	HarvardBiz	Harvard Biz Review
67358777	BW	Businessweek
35002876	BloombergTV	Bloomberg TV
21323268	NYSE	NYSE
12409812	GUAlumni	Georgetown Alumni
32717570	RickieFowler	Rickie Fowler
2584178156	TrumpGolfHV	Trump Hudson Valley
260439155	CarolineRhea	Caroline Rhea
121705407	ClareTourism	VisitClare
33569515	jeangeorges	JG Vongerichten
43119632	preakness03	mike pruitt
150151257	IanZiering	Ian Ziering
10874182	DouglasElliman	DouglasElliman
145745936	RobinMeade	Robin Meade
232400153	holly_sonders	Holly Sonders
226253322	GCMorningDrive	Morning Drive
28349128	GolfChannel	Golf Channel
474989905	TrumpModels	Trump Models
64208380	ThePBA	NYS TROOPERS PBA
5695632	BuzzFeed	BuzzFeed
121721625	TrumpDoonbeg	Trump Doonbeg
41441075	SIGolfPlus	SI Golf+
26578816	golf_com	GOLF.com
223173591	CharlieRymerGC	Charlie Rymer, PGA
26829777	garyplayer	Gary Player
2325495378	TrumpGolf	Trump Golf
26553086	michaelstrahan	Michael Strahan
25111784	prestonrbailey	Preston Bailey
20550918	BarrysBootcamp	Barry's Bootcamp
23178004	nicfit75	inappropriate mom
2174527993	TrumpRealty	Trump Int'l Realty
2214938128	ExecutivePour	Kerry Hannon Woolard
44385628	gregkellyfox5	greg kelly
376313494	GilesParscale	Giles-Parscale
1149004784	CarloTrattoria	Carlo's Trattoria 
54924882	docromo	Thomas Romo III, MD
19790040	littlebabyface	LBFF
1198111843	TrumpVancouver	Trump Vancouver
343315748	BrianFreeswick	Brian Freeswick
144360870	mdamelincourt	Mickael Damelincourt
280802463	woodmank104	Woodman
