483862468	SteveAmerson	SteveAmerson
28169971	PGPDNews	PGPDNEWS
20987430	OCC_shoeboxes	OCC Shoeboxes
56480330	ChiefNGB	Gen. Joseph Lengyel
31310158	USNationalGuard	National Guard
14784903	MakersMark	Maker's Mark
368918608	CBedfordDC	Christopher Bedford
3260518932	TwitterMoments	Twitter Moments
62821250	Right2Work	Nat'l Right to Work
27697863	DucatiUSA	Ducati North America
143947826	AlexiLalas	Alexi Lalas
12302892	ScottSabolFOX8	Scott Sabol
3065301110	NBSaphierMD	Dr. Nicole Saphier
4787411118	BryanDeanWright	Bryan Dean Wright
17450410	sebastianbach	Sebastian Bach
39433851	Bre_payton	Bre Payton
106448460	WhiteHouseHstry	White House History
18000919	AmericanAtheist	American Atheists
546264775	ClaudiaCowan1	Claudia Cowan
404104450	ElisabethLeamy	Elisabeth Leamy
186460934	LELDF	Law Enforcement Fund
23501270	DallasZoo	Dallas Zoo
730892912	DeanaMartin_	Deana Martin
1688963172	DavidARWhite	David A.R. White
248495200	sethmoulton	Seth Moulton
309802865	Carrier	Carrier
1375933669	Mahwah_Police	Mahwah Police Dept.
88229972	bishopboone	Wellington Boone
831483464	RepRohrabacher	Dana Rohrabacher
46939857	ArmandoSalguero	Armando Salguero
69970838	EricWynalda	Eric Wynalda
173677727	Simone_Biles	Simone Biles
17976923	cathymcmorris	CathyMcMorrisRodgers
246503061	FoxNewsTravel	Fox News Travel
107117835	fxnleisure	Fox News Leisure
187687890	BaharTak	Bahar Takhtehchian
201066140	pnjaban	Harmeet K. Dhillon
26072066	UKCoachCalipari	John Calipari
13491312	RepTimRyan	Congressman Tim Ryan
3170031728	BrianMastFL	Brian Mast
46705002	WatchChad	Chad Prather
418273948	LiddyClark	Liddy Clark
19926675	RepKevinBrady	RepKevinBrady
16874226	KelleyBlueBook	Kelley Blue Book
55382312	micahmuzio	micah muzio
438550809	Buck	Joe Buck
160972902	mels_diners	Mels Diner
35027698	ErinMcPike	Erin McPike
793520358511013888	transition2017	Transition 2017
21586418	danawhite	Dana White
4183248796	realDennisLynch	Dennis Michael Lynch
95943434	ChrisSununu	Chris Sununu
2358587424	smb_JD	Sean M. Bigley, Esq.
1260514195	TylerCohenWood	Tyler Cohen Wood
16434558	Lynda_Tran	Lynda Tran
483594860	janson_chris	Chris Janson
214174323	CissieGLynch	Cissie Graham Lynch
2220534481	AaronBMacLean	Aaron MacLean
337308306	curtmenefee	Curt Menefee
43845924	FNC_Ladies_Rule	Fox News Fan
119737639	KellyRiddell	Kelly Riddell
21970333	AdamKFox5	Adam Klotz
3260100206	ShiftPixy	ShiftPixy
30232063	terryfator	Terry Fator
16589206	wikileaks	WikiLeaks
52751069	Richardafowler	Richard A. Fowler
135108504	WilliamJBennett	Bill Bennett
486907980	CarleyShimkus	Carley Shimkus
67362253	9Round	9Round Official
2996253413	RandyRRQuaid	Randy Quaid
35034980	BellamyBrothers	Bellamy Brothers
1902773580	kenbone18	Ken Bone
17164500	Tim_Matheson	Tim Matheson
164433483	lancersfh	Longwood Lancers FH
22019324	longwoodu	Longwood University
1340511312	terrybradshaw	Terry Bradshaw
244844283	brunelldonald	Brunell Donald-Kyei,
32726973	olivianj	Olivia Newton-John
25622915	DaphneOz	Daphne Oz
34641269	JamieLSigler	Jamie-Lynn Sigler
117777832	RepTimMurphy	Rep. Tim Murphy
2227025612	MsDMcLaughlin	Danielle McLaughlin
2456866616	CathyLynnTaylor	Cathy Lynn Taylor
722099510	KarenVaughn_GSM	Karen Vaughn
1071777608	johnpodesta	John Podesta
724253335	HofstraCheer	HofstraCheer
30229766	HofstraPride	Hofstra Pride
760210686	HUDanceTeam	HofstraDanceTeam
1229031912	HofstraPepBand	Hofstra Pep Band
5141841	HofstraU	Hofstra University
56927066	donald_faison	Donald Faison
86177206	TPPatriots	Tea Party Patriots
133832049	RepBecerra	Xavier Becerra
3317590708	kristina_schake	Kristina Schake
39633585	ayeshacurry	Ayesha Curry
35184346	normmacdonald	Norm Macdonald
22869693	SchmittNYC	Rob Schmitt
36441330	Andrea_Arden	Andrea Arden
759081003168112640	jonvoight	Jon Voight
1713753271	LUCYPETFDN	Lucy Pet Foundation
472309814	alfonso_ribeiro	Alfonso Ribeiro
1632885751	realtonytiger	Tony the Tiger
6742412	jennybethm	Jenny Beth Martin
312225429	EricDickerson	Eric Dickerson
46385852	RudyGatlin	Rudy Gatlin
203162553	gatlinbrothers	Gatlin Brothers
42999204	Occidental	Occidental College
59145948	maureendowd	Maureen Dowd
353151970	RocheMaddenTV	Roche Madden
1173108078	HarryConnickJR	Harry Connick Jr
13366762	Johnnyd23	John Di Domenico
765905855195803648	undisputed	UNDISPUTED
43139414	RealSkipBayless	Skip Bayless
116260753	StarringRico	Rico Rodriguez
4788536241	SarahCannonTour	Band Against Cancer
39706174	realjeffreyross	Jeff Ross
117439544	DefenseIntel	DIA
78497111	amyegoodman	Amy Goodman
2471692340	PastorDScott	Dr.Darrell Scott
81414768	GeorgeDuranEats	George Duran
1056552596	MrMubinShaikh	Mubin Shaikh
14946015	Brooks_Dunn	Brooks_Dunn
102570694	MikePortnoy	Mike Portnoy
91583544	NickAdamsinUSA	Nick Adams
18206234	larrypratt	Larry Pratt
183292098	KixBrooks	Kix Brooks
525706349	Z93hv	Z93
423130514	TravisRudolph5	Travis Rudolph
59884136	mdtobman	Michael Tobman
3065981667	SteveSpurrierUF	Coach Steve Spurrier
20635633	Citizens_United	Citizens United
42455153	jamiechung1	Jamie Chung
333663029	David_Bossie	David Bossie
779104195	BurgessOwens	Burgess Owens
108701392	thepennyhoarder	The Penny Hoarder
14571755	TennisChannel	Tennis Channel
80568825	MarForRes	Marine Corps Reserve
146166918	danielhalper	daniel halper
22633584	HeatherMcDonald	HEATHER McDONALD
461600673	thetracyaustin	Tracy Austin
245406432	JimAngleFox	Jim Angle
1292574799	EvanAntin	Dr. Evan Antin
119629410	Hailey_Clauson	Hailey Clauson
25413556	LynnePatton	Lynne Patton
16062350	crickers	Christian Rickers
15324851	ChrisCoons	Senator Chris Coons
4211625232	JamesCarville	James Carville
33506864	kristyosmunson	iamkolove
26119801	JONSTONE02	JON STONE
552252489	CliffAYoung	Clifford Young
471672239	KellyannePolls	Kellyanne Conway
246871490	marc_lotter	Marc Lotter
1436555834	IamJohnBurnett	John Burnett
17296100	kmele	Kmele
31194905	helenaguirrefer	Helen Aguirre Ferr
576450371	american_young	American Young
25123210	DonYaeger	Don Yaeger
442545390	AWilliamson54	Avery Williamson
56758031	skilletmusic	Skillet
14515734	drdrew	Dr Drew
89126030	KimRhode	Kim Rhode
25202268	SaraCarterDC	Sara A. Carter
2207261132	VincentHillTV	Vincent T. Hill
2779389582	SteveHiltonx	steve hilton
180107694	kaitlancollins	Kaitlan Collins
25916881	MarkDavis	Mark Davis
112441291	DeirdreBolton	Deirdre Bolton
708799545069707264	amctrump	amctrump
2969971876	AGRutledge	Leslie Rutledge
240454812	GenFlynn	General Flynn
714870416012091392	ILoveThe90sTour	#ILoveThe90sTour
61391304	vanillaice	Vanilla Ice
706959926879334400	pnehlen	Paul Nehlen
1084375028	JasonMillerinDC	Jason Miller
12008602	carriesheffield	Carrie Sheffield
15757578	Uncle_Jimbo	Jim Hanson
415859364	Nike	Nike
570022515	HillaryScottLA	Hillary Scott
142836541	OfficialNNO	National Night Out
515034648	theskimm	theSkimm
722192639152492545	gen_jackkeane	Jack Keane
2687775878	JohnTiegen	John Tiegen
2974124704	BlueLivesNYC	Blue Lives Matter NY
135678842	SanDiegoPD	San Diego Police
27689907	McCormackJohn	John McCormack
32432308	goodhousemag	Good Housekeeping
167088804	meaghanbmurphy	Meaghan B Murphy
238309057	FederalDonuts	FederalDonuts
30519520	kylekalotschke	Kyle Kalotschke
20973145	AshleyBellR	(((Ashley D. Bell)))
1160558521	genossteaks	Geno's Steaks
250821446	PatsSteaks	Pat's King of Steaks
4735385897	Tim_Canova	Tim Canova
12889162	KSoltisAnderson	Kristen S Anderson
352211941	SiriusXMPatriot	SiriusXM Patriot
1462611546	21CF	21st Century Fox
22203756	mike_pence	Mike Pence
3379681342	FLAGSofVALOR	Flags of Valor
343041182	TomCottonAR	Tom Cotton
22008787	ChrisStigall	Chris Stigall
