370491805	sarahcwestwood	Sarah Westwood
82687751	JusticeWillett	Justice Don Willett
18772406	SpeakerStraus	Joe Straus
541144797	grantstrobl	Grant Strobl
3016071993	LifeZette	LifeZette
254106507	CortesLatino	Francisco Cortes
533061461	LaurenBlanch12	Lauren Blanchard
1098615836	brookefoxnews	Brooke Singman
161319475	foxnewslatino	Fox News Latino
20626103	eramshaw	Emily Ramshaw
18916432	SpeakerRyan	Paul Ryan
15365459	JehuHernandez	Jehu Hernandez
1480852568	BenSasse	Ben Sasse
18791654	evanasmith	Evan Smith
739860638407622656	MorganDebelle	Morgan Debelle
23022687	tedcruz	Ted Cruz
531627880	HuntsmanAbby	Abby Huntsman
275451635	HeatherNauert	heather nauert
488679352	FoxFriendsFirst	Fox & Friends First
48459553	KatiePavlich	Katie Pavlich
220081296	HeatherChilders	Heather Childers
43277789	KennedyNation	Kennedy
186646579	ainsleyearhardt	Ainsley Earhardt
2332354080	SandraSmithFox	Sandra Smith
56749157	pdoocy	Peter Doocy
68198046	peterjohnsonjr	Peter Johnson Jr.
2448135692	OutnumberedFNC	Outnumbered
18313747	HARRISFAULKNER	HARRISFAULKNER
22055109	SteveDoocy	Steve Doocy
104503831	keithablow	Keith Ablow, M.D.
17995040	benshapiro	Ben Shapiro
25101996	kimguilfoyle	Kimberly Guilfoyle
2693406407	AlvedaCKing	Alveda King
38097395	calebparke	Caleb Parke
12044602	Schwarzenegger	Arnold
539566673	JohnRLottJr	John R Lott Jr.
110445334	megynkelly	Megyn Kelly
65691824	CarlyFiorina	Carly Fiorina
455874730	AshPratte	Ashley Pratte
411717941	lunicoMatteo	M. Luca M
39139780	MaureenMakeup	Maureen Walsh
325891927	MichaelPfleger	Fr. Michael Pfleger
17446621	THR	Hollywood Reporter
246780780	Charlieleduff	Charlie LeDuff
41742794	MarketUrbanism	Market Urbanism
16331010	TMZ	TMZ
182107650	PageSix	Page Six
18380182	dorseyshaw	Dorsey Shaw
342803375	tombrokaw	Tom Brokaw
31127446	markknoller	Mark Knoller
1339835893	HillaryClinton	Hillary Clinton
23849131	TVbytheNumbers	Screener-TVBTN
178377718	georgiasalpa	Georgia Penna
774393817	NewsBreaker	NewsBreaker
20479813	MMFlint	Michael Moore
21674448	KevinMaddenDC	Kevin Madden
12789972	patjhynes	patjhynes
514976737	therightnewz	The Right Pundit
292599839	DonRickles	Don Rickles
100480088	CuffyMeh	Cuffy
266894776	AJDelgado13	A.J. Delgado
15485532	johnhawkinsrwn	John Hawkins
158414847	TheDailyShow	The Daily Show
731167584	RonBrownstein	Ronald Brownstein
18001922	LiveAction	Live Action
1330457336	billclinton	Bill Clinton
754485	MatthewKeysLive	Matthew Keys
95431448	BostonGlobe	The Boston Globe
334053327	TheFive	The Five
443215941	Sethrogen	Seth Rogen
28474662	cocosworld	Coco
94181707	sophieturner1	SOPHIE TURNER
85395596	NoelSheppard	Noel Sheppard
29840295	JessicaSimpson	Jessica Simpson
205915163	KateUpton	Kate Upton
15227650	hotforwords	Marina Orlova
188421312	IAMKELLYBROOK	Kelly Brook
22091272	BrittneyPalmer	Brittney Palmer
22745779	AriannyCeleste	Arianny Celeste
34036358	gabrielsherman	Gabriel Sherman
77851299	MarkFerrandino	Mark Ferrandino
20068679	marclamonthill	Marc Lamont Hill
179245596	DavidLimbaugh	David Limbaugh
1163945900	Hornswoggling	TheHornswoggler
131351549	denisleary	Denis Leary
62581962	shitmydadsays	Justin
472872558	MrT	Mr. T
56561449	jessebwatters	Jesse Watters
1074480192	SenTedCruz	Senator Ted Cruz
35294738	johnjcook	John Cook
16334857	WSJecon	Real Time Economics
16299627	CBSNewYork	CBS New York
91390383	SofiaVergara	Sofia Vergara
243291022	David_Gergen	David Gergen
22546772	NYDNgossip	NY Daily News Gossip
24929621	ParisHilton	Paris Hilton
111492406	BrentHBaker	Brent Baker
283805319	evassy	Elizabeth Vasily
14745164	DickArmey	Dick Armey
216299334	piersmorgan	Piers Morgan
19091173	scrowder	Steven Crowder
7713202	SpeakerBoehner	John Boehner
4119741	jdickerson	John Dickerson
15675138	cspan	CSPAN
14677919	NewYorker	The New Yorker
5392522	NPR	NPR
7744592	TODAYshow	TODAY
428333	cnnbrk	CNN Breaking News
759251	CNN	CNN
14075928	TheOnion	The Onion
75974281	SamuelLJackson	Samuel L. Jackson
25365536	KimKardashian	Kim Kardashian West
10228272	YouTube	YouTube
19058681	aplusk	ashton kutcher
80380326	BrianRoss	Brian Ross
14703188	PostPolls	Post Polls
14061583	mtapscott	Mark Tapscott
13850422	CNNPolitics	CNN Politics
813311743	NumbersMuncher	Josh Jordan
250784170	StuPolitics	Stuart Rothenberg
203226736	SharylAttkisson	Sharyl Attkisson
28195764	WSJThinkTank	WSJ Think Tank
70468535	LilaGraceRose	Lila Rose
15501934	courtneyfriel	Courtney Friel
21326030	albertemartinez	Alberto Martinez
68739089	CGasparino	Charles Gasparino
25073877	realDonaldTrump	Donald J. Trump
18000662	PJTV	PJTV
27689907	McCormackJohn	John McCormack
16180004	amspectator	American Spectator
214693898	dgjackson	Garrett Jackson
19256880	alcivar	Leonardo Alcivar
14839147	ericbolling	Eric Bolling
19010227	HillBuzz	HillBuzz
30948168	DanH_TIME	Dan Hirschhorn
41272328	Sarah_Boxer	Sarah Boxer
21878635	ArletteSaenz	Arlette Saenz
109446583	RebeccaRKaplan	Rebecca Kaplan
486911734	joyindc	Joy Lin
21027715	CarrieNBCNews	Carrie Dann
163995093	AlexNBCNews	Alex Moe
54110154	MattPesek	Matt Pesek
148936255	Joelmentum	Joel Gehrke
326255267	KFILE	andrew kaczynski
27000730	Timcast	Tim Pool
112047805	brithume	Brit Hume
15742985	lachlan	Lachlan Markay
97034895	CharlesHurt	Charlie Hurt
626602911	themixxcastblog	The Mixx Cast Blog
418991627	RedAlert	Red Alert Politics
89297892	LarryOConnor	Larry O'Connor
38495835	marklevinshow	Mark R. Levin
18208120	trscoop	 Right Scoop 
16113700	charliespiering	Charlie Spiering
11134252	GOP	GOP
22213744	megbakertv	Meg Baker
145719473	AmericasNavy	America's Navy
262326533	foxnewshealth	Fox News Health
61220477	ppppolls	PublicPolicyPolling
86133628	THESHARKTANK1	Javier Manjarres
439586756	HoldsworthBob	Bob Holdsworth
486975681	ChrisLaibleCBS	Chris Laible
266800454	NeilMunroDC	Neil Munro
172414996	annakooiman	Anna Kooiman
256113470	veteransunited	Veterans United
537279704	CommonSenseInDC	CommonSenseCoalition
46681100	marthamaccallum	martha maccallum
587280849	isdyst	isdyst
21010214	BillHemmer	Bill Hemmer
15335534	jimgeraghty	jimgeraghty
18856867	zerohedge	zerohedge
50055701	MittRomney	Mitt Romney
21316253	ZekeJMiller	Zeke Miller
16157855	edhenry	Ed Henry
16125224	ByronTau	Byron Tau
115979444	DWStweets	D Wasserman Schultz
25701904	GossipCop	Gossip Cop
469194846	TwitchyTeam	Twitchy Team
21268897	joshtpm	Josh Marshall
117558848	JoeMuto	Secretly a Host
939091	JoeBiden	Joe Biden
76118161	KevinWGlass	Kevin  Glass
141587695	theRightSphere	The Right Sphere
24644495	OneFineJay	Jayvie 
21369637	ThePantau	(((Mikey Ramone)))
15693493	funnyordie	Funny Or Die
114547606	StephenBannon	Stephen K. Bannon
135508952	hyaffe	Hillary Yaffe
455764741	FreeBeacon	Free Beacon
65502117	PounderFile	Joe Pounder
8794022	InsideCableNews	InsideCableNews
16163639	NolteNC	CNN Is HitlerMaximus
409486555	MichelleObama	Michelle Obama
15745368	marcorubio	Marco Rubio
19143584	OpieRadio	opie radio
352947624	GSElevator	GSElevator
451586190	rupertmurdoch	Rupert Murdoch
78945513	amthinker	American Thinker
30050899	OpenSecretsDC	OpenSecrets.org
41410702	RBPundit	RBe
