2597943888	ErinvaleGC	ErinvaleGC
270234660	tedsobelsports	Ted Sobel
424278111	Rubenvanderzaag	Ruben van der Zaag
804678572568936448	IanCPlayer	IAN PLAYER
558606074	LVMH	LVMH
2210810475	Md_18undapar	Matty
3240585497	_GolfBusiness	Golf Business Forum
237314621	Jimmytau2	Jimmy Tau
537989713	Hermes_Paris	Herms Paris
281003753	SportsTrustSA	The Sports Trust
349804439	Nedbank	Nedbank
152626970	SophWalks	Sophie Walker
245713765	NeilAndrews65	NEIL ANDREWS
342239570	adriotaegui	Adrian Otaegui
720293443260456960	Trump	Trump Organization
712331412075102208	RossFisher	Ross Fisher
719525815076143104	NickDougherty5	Nick Dougherty
747961900017692672	ScottMccarron	Scott McCarron
98271010	MarcLewisZA	Marc Lewis
20899069	Chaiti	Chaiti Narula
536566701	georgiahall96	Georgia Hall 
896303084	OliviaCowan	Olivia Cowan
183186517	ftstyle	FT Style
736101479715614720	XHSports	Xinhua Sports
69620713	markets	Bloomberg Markets
17866834	NBCSN	NBCSN
125748331	CoreyMcKernan	Corey McKernan
168688353	ZayedSportsCity	Zayed Sports City
849196698	ADFBMA	ADFBMA
85616395	YaoMing	Yao Ming
2649707742	JustNotSports	JustNotSports
529357281	frontrow92	Sean Fitzpatrick
782990188247076864	carlosfrancopga	Carlos Franco
1339835893	HillaryClinton	Hillary Clinton
1536791610	POTUS	President Obama
2257808186	FrannyBenali	Francis Benali
2984572132	BezChristiaan	ChristiaanBez
111920997	Annevandam	Anne van Dam
195473763	hidraire	Grupo Hidraire
323726624	AmyWalshgolf	Amy Walsh
109075172	BethAllenGolf	Beth Allen
277104617	thatton91	Tyrrell Hatton
135480379	RehanPoncha	REHAN PONCHA
359187084	BGolfrick17	Rick  B
107844292	opengolf_news	opengolf.es
84553609	ThePGA	The PGA
607150071	golf_ireland	Golf Ireland
2737575731	davidhowell530	David howell
324856762	JimmyRobertsNBC	Jimmy Roberts
3827416641	GolfAndHealth	Golf & Health
302213175	AmjetExecutive	Amjet Executive
230286485	Business_Jets	BusinessJets
351178526	rouxmel25	Roux Melanie
773503215669223424	SunMetZA	Sun Met
2307440171	DHuckele	Daniela Huckele
1927482656	DrMJoyner	Michael Joyner
3065981667	SteveSpurrierUF	Coach Steve Spurrier
712227883650043904	FBMLadiesOpen	FBM Ladies Open
493225847	ruandesmidt	Ruan de Smidt
22154062	abc7alysha	Alysha Del Valle
567239980	McCormackPapers	McCormack Collection
937473828	IGFgolf	Int'l Golf Fed.
2371619136	louisdobbelaar	Louis Dobbelaar
44991932	GrandTetonNPS	Grand Teton NP
354948782	BillGriffeth	Bill Griffeth
742531628652601345	CubagolfCo	CubaGolf.co
170591249	f_cancellara	Fabian cancellara
332591502	RBlaumGolf	Ryan Blaum
4888764377	ingeechun_dumbo	In Gee Chun
4038625395	rosemark_golf	Rosemark Grips
488299271	Karoo_stories	Karoo Girl
51474876	dP_pastore	David Pastore
3468429375	zuzanna_lupa	Zuzanna Lupa
2453039012	ProGolfWeekly	Pro Golf Weekly
32864575	dannicholl	Dan Nicholl
568930102	Jacasport	Jacaranda FM Sport
2628977566	Dmccarthygolf	Dan McCarthy
61382493	Marika_AW	Marika Washchyshyn
110794041	CaroMasson	Caroline Masson
4835243531	chateau_taulane	Chateautaulane
73113833	ShamwariSafari	Shamwari
35278910	mala_mala	MalaMala GameReserve
21660884	Nespresso	Nespresso Global
40071118	DassaultFalcon	Dassault Falcon
3164353295	bombardierjets	Bombardier Jets
809113542	Flexjet	Flexjet
224565951	joftheriver	Julio del Rio
185211988	augustagolfshow	John Patrick
4488496692	shanshanfengCHN	Shanshan Feng
2730027924	MedinahCC	Medinah Country Club
2316749786	CurtisLuck6	Curtis Luck
277794577	BrockMackenzie	Brock Mackenzie
310475015	StevenWilde1	Steven Wilde
25334869	Medi8Emma	Emma Ballard
242308246	EWNsport	EWN Sport
131492155	BESTERNICK	NICK BESTER
1583815368	IIKHUNE_32_16	IIKHUNE3216
313230679	RobinAdamsSport	RobinAdamsSport
46018351	jingyan2803	Jing Yan
330086731	astridbard	Astrid Bard
2340198968	SLadiesTour	Sunshine Ladies Tour
765364666751066113	scoxgolf09	Sydney Cox
21379871	BePositiveFdn	The B+ Foundation
772876116	gene_sauers	Gene Sauers
76291177	Crystal_Arnold	Crystal Arnold
356957829	MacHughesGolf	Mackenzie Hughes
20599037	CJADOYLE	charles doyle
3247497561	alanshearer	Alan Shearer
76112483	chapeaunoirgolf	Mike McAllister
102976200	KoerstzMadsen	Nanna Koerstz Madsen
276210974	DSpraguePGA	Derek Sprague
722042481987231745	OWGRltd	OWGR
592091456	CarinaSpera	carina spera
2913671146	SmithKwagga	Kwagga Smith
371844044	GolfVicky	Vicky Ramos Golf
18927628	BlitzBokke	7s in South Africa
80806375	Franschhoek_SA	#franscHHoek
910811876	wernerkok1	Werner Kok
225479869	rooknox	Russell Knox
482822920	TwisT1010	Oliver Bekker
240200763	awallgolfer	anthony wall
462055486	cdngolfcoach	Ralph Bauer
626240952	dingramgolf	Derek Ingram
468531407	TheGolfManatee	Barry Hyde
993551119	RPBradley1	Richard Bradley
580054374	mjstainbank	Junia Stainbank
746780332008087553	VinnieJones65	Vinnie Jones
41708167	LosCabosTourism	Los Cabos
1070161566	jutanugarn	Ariya jutanugarn
241629842	RealDavidIsrael	David Israel
321492149	JoelMBeall	Joel Beall
272059169	mingtsai	Ming Tsai
232920777	hautetime	Haute Time
131497030	VanJones68	Van Jones
499773639	IsabelleBoineau	Isa Boineau
16228398	mcuban	Mark Cuban
37185922	ThabisoSithole	Thabiso Sithole
379469424	tmoorewps	Taylor Moore
43304680	Gallo_Sport	Gallo Sport
93901424	Saddier_Adrien	Adrien Saddier
340882291	Dangolfer1	Daniel Hammond
268972336	lauren_taylor94	Lauren Taylor
17309350	4golfonline	Mark Crossfield
609377203	shauntomson	Shaun Tomson
488566085	LandmarkJohnMcK	John McKenzie
407735242	paulseverngolf	Paul Severn
381289907	RICKLAMB19	Rick Lamb
285902149	paularetoSA	Paula Reto
2776901838	1Hotels	1 Hotels
3023581329	BaccaratHotels	Baccarat Hotels
265921472	Baccarat	Baccarat
47871568	HauteLivingMag	Haute Living
83363218	JetsetOnline	Jetset Magazine
3062523317	GregChalmersPGA	Greg Chalmers
27955325	Cameronvdburgh	Cameron vd Burgh
112724402	GbrClassic	TheGreenbrierClassic
704750617571360768	AdamJohnsonNJ	Adam Johnson
3378914038	Netjetsgolfteam	NetJets Golf Team
576748204	ollie_gt	Ollie Schniederjans
709817311356702722	playerrealestat	Player Real Estate
2690027192	ElParaisoGolf	El Paraiso Golf Club
51845682	jayme_go	Jayme Go
3030352151	CNNStyle	CNN Style
388421804	nigelmansell	Nigel Mansell CBE
1469402426	UEFAEURO	UEFA EURO
56413858	FoxBusiness	FOX Business
104523192	XVBeaconHotel	Fifteen Beacon Hotel
588592880	WildstoneGolf	Wildstone Golf
342791510	maxhoma23	max homa
41814169	FareedZakaria	Fareed Zakaria
18812572	60Minutes	60 Minutes
1582853809	HistoryInPics	History In Pictures
33387266	vosswater	Voss Water
1718673842	HeulsAmelie	Heuls Amelie
3035375572	RoyalTroonGC	Royal Troon Golf
98388846	PGAofGermany	PGA of Germany
44747974	NCGmagazine	National Club Golfer
1510762908	ScotsmanSport	Scotsman Sport
1257731012	DempsterMartin	Martin Dempster
533085085	MesutOzil1088	Mesut zil
85840997	Octagon	Octagon
305176635	JacoAhlers	Jaco Ahlers
326561289	DomBozzelli	Dominic Bozzelli
3159711265	CA2016	Copa Amrica 2016
628950677	Jrprotalker	Judy  Rankin
883396856	bethdanielBMFD	Beth Daniel
256317852	JustinThomas34	Justin Thomas
2798269069	mpressel	Morgan Pressel
538169429	FreddieJac	Freddie Jacobson
2975200297	JimMcCabeGolf	Jim McCabe
3028563436	BHaasGolf	Bill Haas
2571460466	UAGolf	Under Armour Golf
537107631	SOK_Japan	Support Our Kids
224438385	UW_WGolf	UW Women's Golf
119498707	OregonMGolf	Oregon Men's Golf
2467791	washingtonpost	Washington Post
3108351	WSJ	Wall Street Journal
15754281	USATODAY	USA TODAY
443878805	WattelRomain	Romain Wattel
2902152694	Jean_VDV	Jean Van de Velde
