770781940341288960	RudyGiuliani	Mayor Rudy Giuliani
240454812	GenFlynn	General Flynn
7309052	YahooNews	Yahoo News
380648579	AFP	AFP news agency
18510860	MotherJones	Mother Jones
451586190	rupertmurdoch	Rupert Murdoch
131497030	VanJones68	Van Jones
35110248	QUAthletics	Quinnipiac Athletics
29495727	QuinnipiacU	QuinnipiacUniversity
24619328	DKElections	Daily Kos Elections
7684882	GallupNews	GallupNews
61220477	ppppolls	PublicPolicyPolling
18122308	maristpoll	Marist Poll
76707735	QuinnipiacPoll	Quinnipiac Poll
16892534	Serpentine202	Serpentine202
61734492	Fahrenthold	David Fahrenthold
172414996	annakooiman	Anna Kooiman
450941680	ThisWeekABC	This Week
205392468	FaceTheNation	Face The Nation
11856892	MeetThePress	Meet the Press
857140962	raifeylucky	margie holcomb
15438913	MailOnline	Daily Mail Online
63477363	chrysrhodes	Chrys Rhodes
17471979	NatGeo	National Geographic
19725644	neiltyson	Neil deGrasse Tyson
14791162	wmag	W magazine
136361303	voguemagazine	Vogue Magazine
22179997	e_entertainment	E! Entertainment
110213431	jorgeramosnews	JORGE RAMOS
23912601	martyb09	marty berman
13213122	Deadspin	Deadspin
15731368	HowardKurtz	HowardKurtz
20012204	usweekly	Us Weekly
28370738	SInow	Sports Illustrated
250831586	TheRock	Dwayne Johnson
205915163	KateUpton	Kate Upton
2255182597	GeorgeWill	George F. Will
457984599	BreitbartNews	Breitbart News
2800581040	BillKristol	Bill Kristol
19417492	NRO	National Review
40116885	RichLowry	Rich Lowry
90508268	MediaiteTV	Mediaite TV
12612432	jpodhoretz	John Podhoretz
22650211	GMA	Good Morning America
129879105	MikeEmanuelFox	Mike Emanuel
56561449	jessebwatters	Jesse Watters
17681513	yokoono	Yoko Ono
96846955	IAmSteveHarvey	Steve Harvey
12133382	PBS	PBS
64643056	RT_com	RT
26207922	mikewoodsfox5	Mike Woods
1630896181	vicenews	VICE News
46627530	rosannascotto	Rosanna Scotto
144968987	DanCaporale	Dan Caporale
552006124	MassDFG	MA. Fish & Game
48352311	kenneybaden	Linda Kenney Baden
23818581	VICE	VICE
2890961	Gizmodo	Gizmodo
31927467	pitbull	Pitbull
40255499	ricky_martin	Ricky Martin
69181624	camanpour	Christiane Amanpour
18170896	drsanjaygupta	Dr. Sanjay Gupta
60919240	donnabrazile	Donna Brazile
19426551	NFL	NFL
783214	twitter	Twitter
18061792	Latina	Latina Magazine
2557521	espn	ESPN
15113565	USCG	U.S. Coast Guard
26257166	SportsCenter	SportsCenter
17409240	uscoastguard	U.S. Coast Guard
18320938	Deanofcomedy	(((DeanObeidallah)))
471672239	KellyannePolls	Kellyanne Conway
66369181	DeptofDefense	U.S. Dept of Defense
19611483	usairforce	U.S. Air Force
54885400	USNavy	U.S. Navy
10126672	USMC	U.S. Marines
8775672	USArmy	U.S. Army
16686144	nytopinion	NYT Opinion
14245378	tvnewser	TVNewser
52136185	MichaelCohen212	Michael Cohen
24578794	Scaramucci	Anthony Scaramucci
16560657	BET	BET
33549858	VH1	VH1
2367911	MTV	MTV
9695312	billboard	billboard
14780915	RollingStone	Rolling Stone
1268844253	rkatzjewelry	Rachel Katz Jewelry
586032653	Deadline	Deadline Hollywood
193500676	thealinacho	Alina Cho
17446621	THR	Hollywood Reporter
16312576	EW	Entertainment Weekly
40924038	Univision	Univision
16228398	mcuban	Mark Cuban
152142811	TelemundoNews	Noticias Telemundo
35785401	UniNoticias	Univision Noticias
15279429	VanityFair	VANITY FAIR
121817564	Fusion	Fusion
5695632	BuzzFeed	BuzzFeed
3111678539	Marin1966Marin	Guillermo Marin
1520876749	lzhernandez02	Laurie Hernandez 
342544502	_ericdavis_	Eric Davis
216299334	piersmorgan	Piers Morgan
18424289	AJENews	Al Jazeera News
17006157	paulkrugman	Paul Krugman
21447363	katyperry	KATY PERRY
16691049	kathyireland	kathy ireland
52199242	SantitaJackson	Santita Jackson
191613738	FoxNewsLive	Fox News Originals
284296658	UFWF	UFW Foundation
108471631	MELANIATRUMP	MELANIA TRUMP
16316895	UFWupdates	United Farm Workers
757303975	ChelseaClinton	Chelsea Clinton
263879706	DoloresHuerta	Dolores Huerta
21734241	declanwalsh	Declan Walsh
144274618	economics	Bloomberg Economics
125115830	mtomasky	Michael Tomasky
410778854	owsClevelandBot	#occupycleveland bot
377071661	OccupyCleveland	Cleveland Activism
503437483	passionradio_ca	passionradio.ca
22059385	villagevoice	The Village Voice
747612159857860608	marysnewsyouuse	marysnews
18020081	JohnKasich	John Kasich
2836421	MSNBC	MSNBC
14437914	NewsHour	PBS NewsHour
788524	guardiannews	Guardian news
1947301	thenation	The Nation
16012783	thedailybeast	The Daily Beast
16129920	maddow	Rachel Maddow MSNBC
16955991	Salon	Salon
35773039	TheAtlantic	The Atlantic
14075928	TheOnion	The Onion
238319766	chrisrock	Chris Rock
443215941	Sethrogen	Seth Rogen
60478501	sharondodds	sharondodds1954
55117855	amyschumer	Amy Schumer
75541946	LaraLeaTrump	Lara Trump
23441725	IsraelPolicy4m	Israel Policy Forum
741291461979873281	Lewinsky2016org	Monica Lewinsky
475802156	MrsVanessaTrump	Vanessa Trump
748666114989649920	CNNnetworknews	CNN
2265661259	SuhaibSaqib1	Suhaib Saqib
711188856943411200	PaulManafort	Paul Manafort
15164565	Slate	Slate
2884771	Newsweek	Newsweek
237811805	jayawallace	Jay Wallace
747881619101523968	reeldanaldtrump	Donald J. Trump
2294505968	Gumiho_01	Gumiho^^
1312173528	Greg50426	Greg
20772763	CharlesMBlow	Charles M. Blow
18028893	JesseRodriguez	Jesse Rodriguez
4304611939	thedering	Chris Dering
4068337756	law_newz	LawNewz
97474887	CapehartJ	Jonathan Capehart
377949581	NBCLatino	NBC Latino
18363255	LatinoUSA	NPR's Latino USA
20707966	LizClaman	Liz Claman
8425222	joekemp	Joe Kemp
351065668	LatinoVoices	HP LatinoVoices
6017542	BreakingNews	Breaking News
59031230	Eugene_Robinson	Eugene Robinson
16116288	rolandsmartin	rolandsmartin
733751245	PRyan	Paul Ryan
50055701	MittRomney	Mitt Romney
58120509	dagenmcdowell	Dagen McDowell
3135241	RedState	RedState
1093090866	FLOTUS	The First Lady
86174088	TomLlamasABC	Tom Llamas
28948414	wanmor1	wanya morris
241243353	DougFlutie	DOUG FLUTIE
224221596	AntonioBrown	Antonio Brown
82447359	ScottBaio	Scott Baio
119879374	OpieShow	OpieRadio Show
19143584	OpieRadio	opie radio
19208457	JimNorton	Jim Norton
41634520	seanhannity	Sean Hannity
970207298	SenWarren	Elizabeth Warren
26350255	LeslieMarshall	Leslie Marshall
49583547	VinniePolitan	Vinnie Politan
2332354080	SandraSmithFox	Sandra Smith
36220671	LeezaGibbons	Leeza Gibbons
357606935	elizabethforma	Elizabeth Warren
48802204	HardballChris	Chris Matthews
254117355	Morning_Joe	Morning Joe
184136149	MarkHalperin	Mark Halperin
21619519	JoeNBC	Joe Scarborough
20608910	davidgregory	David Gregory
50325797	chucktodd	Chuck Todd
726934981570863104	CCDyer3	C.C. Dyer
147725246	FoxNewsInsider	FoxNewsInsider
14529929	jaketapper	Jake Tapper
1364930179	WarrenBuffett	Warren Buffett
16097702	ChrisStirewalt	Chris Stirewalt
84457849	DrudgeBuzz	Drudge Buzz
1534167900	Carl_C_Icahn	Carl Icahn
80082384	RobertJohnDavi	Robert Davi
16815644	ABCPolitics	ABC News Politics
564870157	5Under40	5 Under 40
18678924	jmartNYT	Jonathan Martin
14216123	jimcramer	Jim Cramer
18767699	CBSPolitics	CBS News Politics
