282843041	robinstrasser	robin strasser
2441831348	oldpicsarchive	Old Pics Archive
85423396	IanTalley	Ian Talley
352548417	PaulBegala	Paul Begala
1088708820	MonicaRix	Monica Rix
80903194	TimAeppel	Timothy Aeppel
25176537	ishoottv	Chris Hibben
3780315496	factchecknet	IFCN
37895887	gordonnyt	Michael R. Gordon
271875661	ibrahimhamidi	Ibrahim Hamidi
463217851	09BRAININJURY	MIKEMFORTRUMP
807926341	WriterLyricW	Lyric Winik
168470806	joe_warmington	Joe Warmington
415451420	JohnHuddyFNC	John Huddy
135270842	TimCarterCNN	Tim Carter
1322420269	i24NEWS_EN	i24NEWS English
282545479	mikiebarb	Michael Barbaro
13524182	daveweigel	Dave Weigel
563209123	FWPOA	Fort Worth Police OA
26598593	danacarvey	Dana Carvey
19506790	sherylsandberg	Sheryl Sandberg
1471010298	Dr_Ailes_Fox	Roger Ailes
17503180	marissamayer	marissamayer
219429281	RepKinzinger	Adam Kinzinger
112047805	brithume	Brit Hume
1058807868	RepDeSantis	Ron DeSantis
334079075	Isikoff	Michael Isikoff
1092602863	ELIZABETH_AILES	ELIZABETH AILES
369245377	NSC44	WH National Security
565196560	RealClearHistry	RealClearHistory
154909422	eliseviebeck	Elise Viebeck
1428659995	StephensWSJ	Bret Stephens
188872524	skipheitzig	Skip Heitzig
1225313046	USAIDBurma	USAID Burma
918169628	DecisionDeskHQ	Decision Desk HQ
202608931	ukinburma	UK in Burma
537204717	USEmbassyBurma	U.S. Embassy Burma
4846696832	Caroline_Fayard	Caroline Fayard
140126704	soniasaraiya	sonia saraiya
725266460424040448	JackHahnj02	Jack Hahh-Ryan
2192776110	AENetworks	A+E Networks
715893494859087872	HearstLive	HearstLive
20159596	juliamacfarlane	Julia Macfarlane
215867988	wendywalkernews	Wendy Walker
4850063606	ochamyanmar	OCHA Myanmar
142557721	TheMyanmarTimes	The Myanmar Times
3882946636	mikehinton0105	Mike Hinton
5763262	karaswisher	Kara Swisher
68519899	drgarfein	drgarfein
2229044521	LizMacDonaldFOX	Elizabeth MacDonald
23332846	mattzap	Matt Zapotosky
193820424	Jehkelleh	Jerome Zulu
27830610	WFP	World Food Programme
15292715	ellenjharris	Ellen J. Harris
776759142241349632	wowoh_eric	Eric Willise Wowoh
491701036	stargazejerry	jerry van handel
71048001	BisonMom61	Heather Stallings
15098373	Edsall	Thomas Edsall
1864924758	CeciConnolly	Ceci Connolly
1081562149	Seinfeld2000	Seinfeld Current Day
172858784	timkaine	Senator Tim Kaine
172491865	Elaine_Quijano	Elaine Quijano
299798272	NHC_Atlantic	NHC Atlantic Ops
8383592	Poynter	Poynter
156019120	amandataub	Amanda Taub
377039040	TheRealStafford	michelle stafford
146297850	TomSquitieri	Tom Squitieri
2610394141	SPLiberia	SP Liberia
1701419264	UN_Liberia	UN Liberia
14957318	nbcchicago	NBC Chicago
1656086203	REspositoNYC	Richard Esposito
2309027387	ItaiBardov	Itai Bardov
26585095	nbc	NBC
21619519	JoeNBC	Joe Scarborough
732447346450124800	thefabulouskjg	Kate Jennings Grant
130617778	KeithOlbermann	Keith Olbermann
15279429	VanityFair	VANITY FAIR
22149851	edlavaCNN	ed lavandera
19877186	chelseahandler	Chelsea Handler
98081788	TzipiHotovely	Tzipi Hotovely
181492487	IsraelinUN	Israel Mission to UN
45139191	dannydanon	Ambassador Danon
716937519175233536	AmbMarkRegev	Mark Regev
726800508715933696	DrDoreGold	Dr. Dore Gold
320338274	madeleinebehr	Madeleine Behr
1350581287	McCainJack	Jack McCain
487198119	NYCityAlerts	New York City Alerts
294442330	RJonesNews	Rashida Jones
163598915	jwpetersNYT	Jeremy W. Peters
17509749	TimSabean	TimSabean
14515799	brianstelter	Brian Stelter
19697415	billmaher	Bill Maher
113184599	jonstewartbooks	Jon Stewart
2557521	espn	ESPN
35474809	Peggynoonannyc	Peggy Noonan
21894812	jamiegangel	Jamie Gangel
3434177986	FullMeasureNews	Full Measure News
14519041	MattGarrahan	Matthew Garrahan
61875523	davidluhnow	David Luhnow
22869693	SchmittNYC	Rob Schmitt
126722715	abbydphillip	Abby D. Phillip
2417586104	SebGorka	Sebastian Gorka
24439201	jameshohmann	James Hohmann
18270066	FreedomHouseDC	Freedom House
345753118	JRDanzig	Joshua Danzig
272395158	ffweekend	FOX&friends Weekend
21301913	ANHQDC	America's News HQ
12577632	ElizabethPrann	ElizabethPrann@FOX
33925131	michaeldrich	Michael Rich
61494007	robertfworth	robert worth
14062554	MDAndersonNews	MD Anderson
35039490	MarkDice	Mark Dice
2330590446	MorningsMaria	Mornings with Maria
15113565	USCG	U.S. Coast Guard
22765360	StormTrack9Bill	Bill Race
950491178	TownofNantucket	Town of Nantucket
2518332709	AirportACK	Nantucket Airport
17409240	uscoastguard	U.S. Coast Guard
14342564	NOAA	NOAA
3144040259	ackharbormaster	ACK Harbormaster
24035919	NMagazine	Nantucket Magazine
843551605	NantucketPolice	Nantucket Police
2303751216	FiveThirtyEight	FiveThirtyEight
95689367	jessemangelo	Jesse Angelo
19173787	allahpundit	Allahpundit
21870081	TeamUSA	U.S. Olympic Team
27915028	antoniosabatojr	Antonio Sabto Jr
66237835	AOL	AOL.com
961403191	Op300	Operation 300
722099510	KarenVaughn_GSM	Karen Vaughn
15445129	jeffpearlman	jeffpearlman
22203756	mike_pence	Mike Pence
13298072	TeslaMotors	Tesla
46662081	brookebrower	Brooke Brower
5336752	PeterHamby	Peter Hamby
4207961	chrislhayes	Christopher Hayes
786591391	JasonPatinkin	Jason Patinkin
22642788	pewresearch	Pew Research Center
9109712	PeaceCorps	Peace Corps
21461944	ABCLiz	Liz Kreutz
317980134	CraigCaplan	Craig Caplan
77032777	apalmerdc	Anna Palmer
743155123258531840	playbookplus	POLITICO Playbook
49923073	Nice_Matin	Nice-Matin
252521025	Number10cat	Larry the Cat
368711188	tweepsmap	Tweepsmap
292777349	pzf	Breaking News Feed
33537967	amyklobuchar	Amy Klobuchar
21867341	jmpalmieri	Jennifer Palmieri
1071777608	johnpodesta	John Podesta
1637839850	CharlesOgletree	Charles Ogletree
233174986	PCClassesOnline	David A. Cox
225096034	TheMarySue	The Mary Sue
74223425	LarryTye	Larry Tye
2996253413	RandyRRQuaid	Randy Quaid
119003138	JBA_NAFW	Joint Base Andrews
2216041938	MarshallProj	The Marshall Project
460848738	DrZuhdiJasser	M. Zuhdi Jasser
1249982359	SenateMajLdr	Leader McConnell
3342812001	SenatorDole	Senator Bob Dole
3285418908	KimDarroch	Kim Darroch
141459742	mldauber	Michele Dauber
61267358	TracyJan	Tracy Jan
708072909114318848	SCOTUSnom	SCOTUS Nomination
1603419038	Schultz44	Eric Schultz
155934445	jennagiesta	Jennifer Agiesta
1064535738	Anna_Giaritelli	Anna Giaritelli
30699754	rcallimachi	Rukmini Callimachi
581219754	JordyRNelson	Jordy Nelson
507762718	Donald_Driver80	Donald Driver
35865630	packers	Green Bay Packers
133407633	MrBrendanCox	Brendan Cox
18227519	morningmika	Mika Brzezinski
973983732	clarionproject	Clarion Project
954590804	planetepics	Life on Earth
181199293	JulianAssange_	Julian Assange
21534951	adamgoldmanNYT	Adam Goldman
69004966	mattdpearce	Matt Pearce
1859321100	Journo_Christal	Christal Hayes
299802277	BraddJaffy	Bradd Jaffy
29216764	Judgenap	Judge Napolitano
28712466	Itayhod	Itay Hod
344288847	FAIRHealth	FAIR Health
32359921	EconBizFin	The Economist
175711277	RJSzczerba	Rob Szczerba
8940342	HoustonChron	Houston Chronicle
15679641	dallasnews	Dallas Morning News
8861752	baltimoresun	The Baltimore Sun
242836537	SenatorLeahy	Sen. Patrick Leahy
346357049	CynthiaLoboEsq	Cynthia Lobo, Esq.
166739404	EmmaWatson	Emma Watson
42670638	mercedesschlapp	Mercedes Schlapp
595933303	alnasermohamme1	  Mohamed
262384400	Sudanchangenow	Sudan Change Now
82447359	ScottBaio	Scott Baio
83641835	MediaDec	Declan Moore
82687751	JusticeWillett	Justice Don Willett
21866939	itvnews	ITV News
344955115	TheLewisBlack	Lewis Black
4785764884	GCHQ	GCHQ
