2181453624	FedsLive	Feds Live
15776587	AliBunkallSKY	Alistair Bunkall
264099812	MAXDJORG	DEEP HOUSE PARTY
64229716	TheHRH	Heather R. Higgins
21226678	dartmouth	Dartmouth
58379000	RickSantorum	Rick Santorum
42995067	brianefallon	Brian Fallon
2624545642	RonNorris6	Ron Norris
4289460455	asamjulian	Asa J 
109065990	RealAlexJones	Alex Jones
18643437	PrisonPlanet	Paul Joseph Watson
20094138	RealClearNews	RealClearPolitics
22203756	mike_pence	Mike Pence
104673360	bitsy0409	bridget janson
1587139375	WinkMartindale	Wink Martindale
471672239	KellyannePolls	Kellyanne Conway
2853461537	ScottAdamsSays	Scott Adams
39344374	DonaldJTrumpJr	Donald Trump Jr.
19599446	PatrickBuchanan	Patrick J. Buchanan
5402612	BBCBreaking	BBC Breaking News
742143	BBCWorld	BBC News (World)
51241574	AP	The Associated Press
244655353	davidaxelrod	David Axelrod
3273749714	LastChance2016	Laura
115075503	MikeForWV	Michael Safcsak
1027408974	1lolamarina	Lolamarina 
714633790749077505	FLConserve941	Say Merry Christmas
247723476	DRUDGE	MATT DRUDGE
21316253	ZekeJMiller	Zeke Miller
168531961	NoahCRothman	Noah Rothman
1370969965	Duskin_Stephens	Duskin/Stephens
17446621	THR	Hollywood Reporter
1330457336	billclinton	Bill Clinton
47253057	RogerJStoneJr	Roger Stone
43919633	kilmeade	Brian Kilmeade
25101996	kimguilfoyle	Kimberly Guilfoyle
7309052	YahooNews	Yahoo News
39349894	EricTrump	Eric Trump
550730704	WendyLongNY	Wendy Long
52544275	IvankaTrump	Ivanka Trump
208155240	MariaBartiromo	Maria Bartiromo
2279098645	DaveBratVA7th	Dave Brat VA 7th
109849883	PhyllisSchlafly	Phyllis Schlafly
350508156	AlabamaFTBL	Alabama Football
30793542	TroyAikman	Troy Aikman
882973326	NikkiB_Music	Nikki Bennington
19666861	KevinMcCarthyTV	Kevin McCarthy
14251225	jheil	John Heilemann
4121225056	CLewandowski_	Corey R. Lewandowski
423219576	Teeroyd	troyD
26786913	Daryl_Manuel	Daryl Lanier
252398355	RMConservative	Daniel Horowitz
19017604	SissyWillis	Sissy Willis
48029066	JamesRosenFNC	James Rosen
13115682	azcentral	azcentral
3016071993	LifeZette	LifeZette
65706134	Cavalier6	Bruce Huffman
90480218	RichardGrenell	Richard Grenell
1339835893	HillaryClinton	Hillary Clinton
1347285918	ChrisChristie	Chris Christie
18020081	JohnKasich	John Kasich
260907612	united	United
205622130	KremlinRussia_E	President of Russia
500042487	SteveCarell	Steve Carell
1381926373	YourAnonGlobal	Anonymous
392850275	kswinburne	kraig swinburne
50393960	BillGates	Bill Gates
2296617368	philhartmark	Phil Hartmark
52140667	nick_ayers	Nick Ayers
118845216	SheriffClarke	David A. Clarke, Jr.
25491788	RobertsDan	Dan Roberts
2560169238	RepDaveBrat	Rep. Dave Brat
1433558988	patrick_caddell	Patrick Caddell
16739202	Deer_Valley	Deer_Valley
16935955	PCski	Park City
18983793	ShannonBream	Shannon Bream
2880434584	kingmaxsquatch	Max Kingsley
1876541868	KevinAlmond6	Kevin Almond
2857391872	RobGondwe	rob gondwe
2811995783	mountianmama64	Teresa
413298313	Al_B_Damned	Al B. Damned
135249573	RobGronkowski	Rob Gronkowski
3108351	WSJ	Wall Street Journal
950976000	FieldRoamer	FieldRoamer
1964968338	RichardDeLaGar4	Rick  De La Garza
38495835	marklevinshow	Mark R. Levin
91882544	DineshDSouza	Dinesh D'Souza
40623989	LiveActionNews	Live Action News
342955623	SoloVoc	Steve Kitcoff
17354416	haddadmedia	Tammy Haddad
25330246	boonepickens	T. Boone Pickens
30132013	Buc_fever	Jeff Williamson
37666984	nikkihaley	Nikki Haley
733751245	PRyan	Paul Ryan
33750798	ScottWalker	Scott Walker
24239519	supaflymo	Muhammad Ataya
17582355	DanPatrick	Dan Patrick
18309653	lukelewis	Luke Lewis
2498355775	mirandafrum	miranda frum
2328148980	KarlTPF	Karl J. Balone
419686580	HawkSMI	Donald Hawk
5693842	NRSC	The Senate Majority
5496932	NRCC	NRCC
11134252	GOP	GOP
15207668	HouseGOP	House Republicans
1074480192	SenTedCruz	Senator Ted Cruz
41634520	seanhannity	Sean Hannity
17078632	BobbyJindal	Gov. Bobby Jindal
113047940	JebBush	Jeb Bush
20252855	HaleyBarbour	Haley Barbour
22996985	ClaireShipman	Claire Shipman
1319294186	elisacipollone	Elisa Cipollone
599442073	MarcusSMI	Marcus Smith
2263902887	Gassigirl88	Cassi Mitchell Smith
24980246	NikkiFinke	Nikki Finke
38412432	RightGlockMom	Sandy
216881337	RandPaul	Dr. Rand Paul
322293052	RealRomaDowney	Roma Downey
202396203	PatriciaHeaton	Patricia Heaton
23022687	tedcruz	Ted Cruz
7702542	DLoesch	Dana Loesch
237403203	AllenWest	Allen West
179245596	DavidLimbaugh	David Limbaugh
112047805	brithume	Brit Hume
257886199	monacharenEPPC	Mona Charen
27958544	DorranceS	Dorrance Smith
38945674	danbank	Dan Bank
50374439	tomhanks	Tom Hanks
258896042	dan_aykroyd	Dan Aykroyd
378223565	sparker	Sean Parker
34371118	EliLake	Eli Lake
538021652	TheOliverStone	Oliver Stone
1700024587	adoptrussia	Adopt a New Attitude
27760317	thebeatles	The Beatles
16187637	ChadPergram	Chad Pergram
138600717	iamjamiefoxx	Jamie Foxx
27758112	ringostarrmusic	#RingoStarr
74712538	PaulMcCartney	Paul McCartney
292131326	bosshogswife	Korie Robertson
254189974	williebosshog	Willie Robertson
115754870	RT_America	RT America
438133358	PutinRF	 
22289569	DwightYoakam	Dwight Yoakam
439805219	Gordon_cooke	Gordon Cooke
64643056	RT_com	RT
158650448	KremlinRussia	 
1154563242	PodcastOne	PodcastOne
42231269	gayright	GAYRIGHT
28357582	ahopeweiner	Allison Hope Weiner
24926288	SteveScully	Steve Scully
184136149	MarkHalperin	Mark Halperin
14515799	brianstelter	Brian Stelter
236026761	DylanByers	Dylan Byers
28195764	WSJThinkTank	WSJ Think Tank
125481462	RealRonHoward	Ron Howard
105533870	DCrittenden1	Danielle Crittenden
334921581	CHSommers	Christina H. Sommers
17119688	zachdcarter	Zach Carter
195826487	RichardHaass	Richard N. Haass
1093090866	FLOTUS	The First Lady
21454322	drewbrees	Drew Brees
15846407	TheEllenShow	Ellen DeGeneres
90484508	GovChristie	Governor Christie
272517807	AppleCiderKY	Chad Seiter
36082429	jack_welch	Jack Welch
30534986	kausmickey	Mickey Kaus
520497278	xan_desanctis	Alexandra DeSanctis
19058681	aplusk	ashton kutcher
57428429	biggovt	Big Government
196168350	AnnCoulter	Ann Coulter
14230524	ladygaga	xoxo, Joanne
18978610	sallykohn	Sally Kohn
284602545	WhoopiGoldberg	Whoopi Goldberg
60919240	donnabrazile	Donna Brazile
19697415	billmaher	Bill Maher
15716318	JamesCarville_	James Carville
80676273	KathieLGifford	Kathie Lee Gifford
292599839	DonRickles	Don Rickles
21414413	Joan_Rivers	Joan Rivers
262733510	SuzanneSomers	Suzanne Somers
451586190	rupertmurdoch	Rupert Murdoch
18227519	morningmika	Mika Brzezinski
1367531	FoxNews	Fox News
25073877	realDonaldTrump	Donald J. Trump
218975278	JRubinBlogger	Jennifer Rubin
20733972	Reince	Reince Priebus
166990746	MonicaCrowley	Monica Crowley
14224719	Number10gov	UK Prime Minister
22956220	HeyTammyBruce	Tammy Bruce
87103895	BigJournalism	BigJournalism
53606937	jamestaranto	James Taranto
85395596	NoelSheppard	Noel Sheppard
16847211	stephengillett	Stephen Gillett
203226736	SharylAttkisson	Sharyl Attkisson
18906561	GovernorPerry	Rick Perry
16113700	charliespiering	Charlie Spiering
138977055	AndrewStilesUSA	Andrew Stiles
15416505	GovMikeHuckabee	Gov. Mike Huckabee
91440961	Jay_Severin	Jay Severin III
47438401	RichardEngel	Richard Engel
