196168350	AnnCoulter	Ann Coulter
1180379185	RealBenCarson	Dr. Ben Carson
793520358511013888	transition2017	Transition 2017
37666984	nikkihaley	Nikki Haley
599530439	BetsyDeVos	Betsy DeVos
153149305	SBAgov	SBA
65522706	Linda_McMahon	Linda McMahon
18227519	morningmika	Mika Brzezinski
17220934	algore	Al Gore
798195585824104449	IvankaTrumpHQ	Ivanka Trump HQ
5509762	SarahHuckabee	Sarah Huckabee
24638657	JTSantucci	John Santucci
468646961	TomiLahren	Tomi Lahren
28184604	ChefDavidBurke	Chef David Burke
76543481	BorisEP	Boris Epshteyn
2175836343	madisongesiotto	Madison Gesiotto
171682730	GiGiHadid	Gigi Hadid
3395964711	Women4Trump	Women 4 Trump
27195114	Drake	Drizzy
39816102	miraduma	mira duma
173269540	kellyalove	Kelly Love
346603302	FortuneMPW	Fortune MPW
3300701782	TrumpBedminster	Trump Bedminster
266894776	AJDelgado13	A.J. Delgado
35773039	TheAtlantic	The Atlantic
729676086632656900	TeamTrump	Official Team Trump
39000115	KatyTurNBC	Katy Tur
4876139714	TheTotBaby	The Tot
171682388	bellahadid	Bella Hadid
321970500	Caradelevingne	Cara Delevingne
15171577	KimberlyPalmer	Kimberly Palmer
240734425	Giants	New York Giants
236699098	KylieJenner	Kylie Jenner
157140968	KendallJenner	Kendall
17976923	cathymcmorris	CathyMcMorrisRodgers
110445334	megynkelly	Megyn Kelly
20733972	Reince	Reince Priebus
240454812	GenFlynn	General Flynn
41634520	seanhannity	Sean Hannity
27744185	krauthammer	Charles Krauthammer
112047805	brithume	Brit Hume
18646108	BretBaier	Bret Baier
3309511774	DREAMS_ACF	Leigh Searl
15745368	marcorubio	Marco Rubio
114547606	StephenBannon	Stephen K. Bannon
2897441	EPN	Enrique Pea Nieto
33995409	DwyaneWade	DWade
15985455	GovPenceIN	Governor Mike Pence
49736166	peterthiel	Peter Thiel
1084375028	JasonMillerinDC	Jason Miller
385191270	360yourlife	Brooke Thomas, CNC
720293443260456960	Trump	Trump Organization
275400473	sophiaamoruso	SOPHIA AMORUSO
2896234794	LocalandLejos	Local + Lejos
514646075	goldieblox	GoldieBlox
4331709628	rocketsofawesom	ROCKETS OF AWESOME
52070270	SavannahGuthrie	Savannah Guthrie
87835671	RisaBHeller	Risa Heller
47975734	SenatorSessions	Sen. Jeff Sessions
90484508	GovChristie	Governor Christie
22203756	mike_pence	Mike Pence
18916432	SpeakerRyan	Paul Ryan
26589987	serenawilliams	Serena Williams
9624042	StJude	St. Jude
1383059977	joniernst	Joni Ernst
73303753	SenBobCorker	Senator Bob Corker
17685258	parscale	Brad Parscale
474989905	TrumpModels	Trump Models
25413556	LynnePatton	Lynne Patton
18637396	SaraMurray	Sara Murray
20776147	seanspicer	Sean Spicer
471672239	KellyannePolls	Kellyanne Conway
3010731441	angeladuckw	Angela Duckworth
18772987	paperlesspost	Paperless Post
393497258	KeatonRow	Keaton Row
129319986	AmberVenzBox	Amber Venz Box
424532026	goChoate	Choate Rosemary Hall
735658193305632769	TNGCBedminster	Government TNGC
21111896	NorahODonnell	Norah O'Donnell
44321151	RoseBertram	Rose Bertram
1392549500	DrNancySimpkins	Dr. Nancy Simpkins
385586397	rick_wiley	Rick Wiley
29458079	JudgeJeanine	Jeanine Pirro
47253057	RogerJStoneJr	Roger Stone
75298735	williamnorwich	william norwich
11134252	GOP	GOP
25429371	KatrinaPierson	Katrina Pierson
118784158	michaelglassner	Michael Glassner
711188856943411200	PaulManafort	Paul Manafort
1441356241	mgarciastyling	MELISSA GARCIA
65493023	SarahPalinUSA	Sarah Palin
292695870	monicalangley	Monica Langley
227837742	AC360	Anderson Cooper 360
15224867	andersoncooper	Anderson Cooper
15075999	hughhewitt	Hugh Hewitt
50769180	IngrahamAngle	Laura Ingraham
6708952	SteveCase	Steve Case
25249798	womensday	Women's Day
23970102	oreillyfactor	Bill O'Reilly
21765882	HithaPalepu	Hitha Palepu
726976746	mydomaine	MyDomaine
90311926	ohidesignblog	Jessica Klein
57172253	reshmasaujani	Reshma Saujani
430995737	GirlsWhoCode	Girls Who Code
301819747	KMMsports	Kelli Masters Mgmt
24216951	vulture	Vulture
515034648	theskimm	theSkimm
181647126	PureWow	PureWow
51241574	AP	The Associated Press
326821147	levoleague	Levo
372502604	MashableNews	Mashable News
453050514	ViviNevo	Vivi Nevo
71294756	wolfblitzer	Wolf Blitzer
22771961	Acosta	Jim Acosta
287521806	NickPappasNH	Nick Pappas
93069110	maggieNYT	Maggie Haberman
20713061	newtgingrich	Newt Gingrich
61823778	Minted	Minted
4646810601	weareteamtrump	Trump Hotels Jobs
2289583644	hucklegoose	Huckle & Goose
2908170952	DiamondandSilk	Diamond and Silk
154221292	CaseyNeistat	Casey Neistat
3241403147	DrLHazzouri	Dr. Lauren Hazzouri
168374159	mistyonpointe	Misty Copeland
2314391886	TrumpDC	Trump Washington DC
97082147	SophiaBush	Sophia Bush
243847729	SBRogue	Sarah Brown
330487743	AmandaHearst	amanda hearst
24696521	gillianhearst	Gillian Hearst
406333830	BettinaPrentice	Bettina Prentice
41223519	JayFielden	Jay Fielden
16578083	KevinColleran	Kevin Colleran
19743953	CameronCRussell	Cameron Russell
4121225056	CLewandowski_	Corey R. Lewandowski
15485441	jimmyfallon	jimmy fallon
25365536	KimKardashian	Kim Kardashian West
15846407	TheEllenShow	Ellen DeGeneres
3098301258	mweller71	Marsha Brady
937704163	GovtsTheProblem	Mr T 2
1629336979	eholmes2003	Elizabeth Holmes
1059194370	kobebryant	Kobe Bryant
3475	davemorin	DAVE MORIN
59145948	maureendowd	Maureen Dowd
38376356	micaelaerlanger	Micaela Erlanger
15433331	leighgallagher	Leigh Gallagher
28196767	mkeneally	Meghan Keneally
591612748	DeliciouslyElla	Deliciously Ella
335060282	ECMcLaughlin	ElizabethCMcLaughlin
29562422	TrumpGolfLA	Trump Los Angeles
1013672084	TrumpGolfDC	Trump Washington DC
726414091	TrumpCharlotte	Trump Charlotte
191726210	TrumpPanama	Trump Hotel Panama
2813604714	TrumpFerryPoint	Trump Ferry Point
235839823	HerschelWalker	Herschel Walker
77841951	holyfield	Evander Holyfield
1426645165	bustle	Bustle
14216123	jimcramer	Jim Cramer
52849759	davidein	David Einhorn
129673790	ABCNews24	ABC News 24
50292966	WellandGoodNYC	Well+Good
17953019	Chegg	Chegg
17243582	blakehounshell	Blake Hounshell
280508095	bizzylacy	Lacy USA
86129724	costareports	Robert Costa
576000227	Yana_Montana	Yana
37543357	redflowernyc	red flower
3330339237	mrkidtrump	Shay Doyle
16031927	greta	Greta Van Susteren
3476	brit	Brit Morin
15698507	scottbelsky	Scott Belsky
42212356	moiraforbes	Moira Forbes
39842430	meditationbob	Bob Roth
103602549	LynchFoundation	DavidLynchFoundation
120153772	WomenintheWorld	Women in the World
491350825	MAKERSwomen	MAKERS
55117855	amyschumer	Amy Schumer
4898091	FinancialTimes	Financial Times
1364930179	WarrenBuffett	Warren Buffett
107424354	AKIdiamonds	Marc Knobloch
56134570	KidKotok	Steven Kotok
976542720	MayorBowser	Mayor Muriel Bowser
56405314	JohnStamos	John Stamos
337892885	andyandevankids	Andy & Evan
10039442	Shama	Shama Hyder
14802104	lea	Lea Goldman
43115741	heykatieevans	katie evans!
17674486	MichellePhan	M
280629993	JasonWu	Jason Wu
377247652	AmeerahAltaweeL	 
1359832632	bonberi	bonberi
235281198	EIVACommish	EIVA Commissioner
2671487194	julliehallman	julliehallman
17065389	liyakebede	liyakebede
2789384378	startupstash	Startup Stash 
59142708	EllaHenderson	Ella Henderson
292256204	ConradOfficial	Conrad Sewell
19300729	colbster	Colby Fulton
229547319	MrsJ03	Carolyn Jones
156110658	iwinsoiwin	A Mean Catwoman
2305428572	CommissBratton	Bill Bratton
