35014834	ConcordC	TheConcord Coalition
104615577	BudgetHawks	CRFB.org
19926675	RepKevinBrady	RepKevinBrady
1542228578	JDVance1	J.D. Vance
2931677353	JaredHarris	Jared Harris
610922415	DorisKGoodwin	Doris Kearns Goodwin
59676104	danbalz	Dan Balz
39547629	TheKingCenter	The King Center
17044233	JoshuaGreen	Joshua Green
715177919438577664	TheCrownNetflix	The Crown
64857643	jeffreytambor	Jeffrey Tambor
15234546	TerryMoran	Terry Moran
16031927	greta	Greta Van Susteren
60919240	donnabrazile	Donna Brazile
778642035184132096	A_Scarborough1	Andrew Scarborough
517852962	EdwardConard	Edward Conard
4827378145	MikeLupica	Mike Lupica
112571117	R_Allbritton	Robert Allbritton
336705954	andrewbbenett	Andrew Benett
19107878	GlennThrush	Glenn Thrush
21252618	JakeSherman	Jake Sherman
255347566	jimrutenberg	jimrutenberg
37831966	RoryOMalley	Rory O'Malley
181145158	Jordan_Roth	Jordan Roth
1967216306	statedeptspox	John Kirby
1615463502	AmbassadorPower	Samantha Power
384910109	KimStrassel	Kimberley Strassel
227373977	MarcACaputo	Marc Caputo
4719519395	VFHIVE	The Hive
22657235	KatherinThomson	Katherine Thomson
260948231	noahoppenheim	Noah Oppenheim
197485214	SteveSoboroff	Steve Soboroff
4569690923	resurgent	The Resurgent
59145948	maureendowd	Maureen Dowd
2561646679	NoceraNYT	Joe Nocera
79743108	alexburnsNYT	Alex Burns
221912526	joeweisberg	Joe Weisberg
180535644	esglaude	Eddie S. Glaude Jr.
232235048	PostBaron	Marty Baron
104914594	Phil_Mattingly	Phil Mattingly
138809881	mschlapp	Matt Schlapp
52596376	JohnAvlon	John Avlon
80136311	georgepbush	George P. Bush
33938700	Jamie_Weinstein	Jamie Weinstein
15441965	AriMelber	Ari Melber
930625267	MikeJudge	Mike Judge
41616577	MarkKornblau	Mark Kornblau
21431618	mckaycoppins	McKay Coppins
229139732	gerardtbaker	Gerard Baker
1278451134	HenryLouisAaron	Hank Aaron
4207961	chrislhayes	Christopher Hayes
216776631	BernieSanders	Bernie Sanders
401625957	SteveRattner	Steven Rattner
4121225056	CLewandowski_	Corey R. Lewandowski
34719119	WalterIsaacson	Walter Isaacson
296361085	SenJohnThune	Senator John Thune
18227519	morningmika	Mika Brzezinski
19086456	michaelluo	Michael Luo
16101182	SalenaZito	SalenaZito
282545479	mikiebarb	Michael Barbaro
18686907	davidfrum	David Frum
158414847	TheDailyShow	The Daily Show
112526560	kenvogel	Kenneth P. Vogel
20117923	ElvisCostello	Elvis Costello
137288990	almarlatour	almar latour
14962779	howardfineman	Howard Fineman
2458567464	SecBurwell	Sylvia Burwell
4119741	jdickerson	John Dickerson
55604811	NCAdvertiser	NewCanaan Advertiser
52433486	NewCanaanPatch	New Canaan Patch
425522808	mjzona	Michael Zona
25073877	realDonaldTrump	Donald J. Trump
80617430	RyanLizza	Ryan Lizza
2305049443	Sherlock221B	Sherlock
5402612	BBCBreaking	BBC Breaking News
59521551	SenatorKane32	Rob Kane
121815476	YankeeInstitute	Yankee Institute
57431229	DennisHouseWFSB	Dennis House
82512057	ctcapitolreport	Tom Dudchik
96444937	Justin_Stangel	Justin Stangel
260423957	MillerHawkins	Miller Hawkins
31402393	AlexSkatell	Alex Skatell
474464413	TheIJR	Independent Journal
46746151	DrewHampshire	Drew Cline
2785424356	nathancongleton	Nathan Congleton
1950037290	joel_fields	Joel Fields
546447987	TheAmericansFX	The Americans
47448886	JeffreyGoldberg	Jeffrey Goldberg
423631401	IgnatiusPost	David Ignatius
632589381	ambchrishill	Christopher R. Hill
1399733450	quint_studer	Quint Studer
17436250	nytmike	Michael S. Schmidt
3047864123	POTUStudies	Presidential Studies
35773039	TheAtlantic	The Atlantic
19084896	TheRickWilson	Rick Wilson
40100270	joshgad	Josh Gad
138479037	hillhulse	carl hulse
15908429	carolynryan	carolynryan
1703007992	BillRMcDermott	Bill McDermott
112047805	brithume	Brit Hume
874916178	BeschlossDC	Michael Beschloss
110530877	NicholasGWells	Nicholas Wells
1115348904	zbig	Zbigniew Brzezinski
17954954	davidcookmusic	David Cook
2541693360	stephenpchopek	Stephen Chopek
2894263393	MikFizzle	Mikhail Pivovarov
22012091	WhipHoyer	Steny Hoyer
2724146642	AndySchapiro	Andrew Schapiro
272019676	CSIS	CSIS
20733972	Reince	Reince Priebus
103620256	RealJoeNamath	Joe Namath
66277139	gailtully	Gail Tully
14844867	amandacarpenter	Amanda Carpenter
12354832	kasie	Kasie Hunt
59331128	PhilipRucker	Philip Rucker
258885469	nickconfessore	Nick Confessore
119491006	amychozick	Amy Chozick
2800581040	BillKristol	Bill Kristol
68515252	legreening	Leslie Greening
30578719	kleysippel	Kley
45565185	intelligencer	Daily Intelligencer
174338995	willrahn	Will Rahn
1630896181	vicenews	VICE News
27156368	rozbrown	Rosalind Brown
44638576	BBCKimGhattas	Kim Ghattas
35511525	amconmag	AmericanConservative
27512951	OTOOLEFAN	Don Millard
275320996	Tommy4Tide	Tommy Ford
26507585	LivEchonews	Liverpool Echo
57113624	LyleLovett	Lyle Lovett
25203361	Rosie	Rosie
15297452	drmoore	Russell Moore
453319164	EJDionne	EJ Dionne
23588075	AymanM	Ayman Mohyeldin
1561123663	br_uk	Bleacher Report UK
8383592	Poynter	Poynter
15210284	nationaljournal	National Journal
123327472	peterbakernyt	Peter Baker
52529896	ColinCowherd	Colin Cowherd
402888514	djrothkopf	David Rothkopf
2591748418	morningjoemusic	morningjoe music
20957491	AlexPappas	Alex Pappas
18228898	johnlegend	John Legend
163598915	jwpetersNYT	Jeremy W. Peters
340613443	RonanFarrow	Ronan Farrow
16955870	UpshotNYT	The Upshot
1086485478	History_Pics	ClassicPics
275197798	CameronCrowe	Cameron Crowe
37090433	mkatieo	Katie O'Reilly
798315248	QuotingWes	Wes Anderson Quotes
229592356	KellyAyotte	Kelly Ayotte
560385743	JoeSweeneyNH	Joe Sweeney
24746929	jackfowler	Jack Fowler
104828583	MichaelHainey	Michael Hainey
242925467	gramparsons	Gram Parsons
26763420	Neilyoung	Neil Young
19161570	NHJennifer	Jennifer Horn
294435380	NewHampshireCRs	NHCRs
158447714	bendmayer	Ben Mayer
19903144	LindaLeigh226	LindaLeigh
14940257	martysg	Marty St. George
17820464	tategeorge	esther newberg
66891808	BrianSandoval	Brian Sandoval
88784440	SenMikeLee	Mike Lee
326255267	KFILE	andrew kaczynski
15854702	UAW	UAW
201229614	JLennon_Quotes	John Lennon
178117805	GeorgeHarrison	George Harrison
15519766	janestreet	Jane C. Timm
27758112	ringostarrmusic	#RingoStarr
15335534	jimgeraghty	jimgeraghty
93069110	maggieNYT	Maggie Haberman
21267434	MikeLongoNYC	Michael F. Longo
247323151	bshactman	Brian Shactman
46479416	mikebarnicle	Mike Barnicle
286339472	jmeacham	Jon Meacham
31004315	JoeyScarborough	Joey Scarborough
22138357	ChrisLicht	Chris Licht
22831423	NBCLOU	Louis Burgdorf
17291393	WillieGeist	Willie Geist
254117355	Morning_Joe	Morning Joe
184136149	MarkHalperin	Mark Halperin
14251225	jheil	John Heilemann
598336544	southxnortheast	southXnortheast
18028893	JesseRodriguez	Jesse Rodriguez
7228682	WSJopinion	WSJ Editorial Page
17469492	CFR_org	CFR
3141101	liverpool	Liverpool FC
272022357	BowlesSimpson	The Moment of Truth
1128341778	Ebbtrees	Emilie Brzezinski
16686144	nytopinion	NYT Opinion
622024793	ValeriePlame	Valerie Plame Wilson
16570573	BillyGraham	Billy Graham
255109294	Evins	Sean Evins
17091571	DennisPrager	Dennis Prager
123898200	ATLjackie	Jackie
195826487	RichardHaass	Richard N. Haass
105790768	kespns	Kim Stafford
105932064	dhstafford	David Stafford
14268812	ron_fournier	Ron Fournier
