20733972	Reince	Reince Priebus
20776147	seanspicer	Sean Spicer
90480218	RichardGrenell	Richard Grenell
31628934	JerryFalwellJr	J L Falwell
804883120193466368	TrumpInaugural	Trump Inauguration
237634998	Lmao	Funny Tweets
227959225	camintel_	Camilo S.
2490585386	TezlynFigaro	Tezlyn Figaro
22203756	mike_pence	Mike Pence
1025076702	AviBerkow	Avi Berkowitz
68450683	PaulMalignaggi	Paul Malignaggi
47013408	KrisGutierrez	Kris Gutierrez
793520358511013888	transition2017	Transition 2017
8799142	freedomainradio	Freedomain Radio
36654245	JackKingston	Jack Kingston
43375031	MattLaDolcetta	Matthew LaDolcetta
34852681	KatrinaCampins	KATRINA CAMPINS
36734275	StephenBaldwin7	Stephen Baldwin
24578794	Scaramucci	Anthony Scaramucci
2175836343	madisongesiotto	Madison Gesiotto
780411785564348416	TrumpWomensTour	Trump Women's Tour
3498448812	YoungDems4Trump	Democrats for Trump
66923871	PARISDENNARD	PARIS
246871490	marc_lotter	Marc Lotter
27311044	DanaPerino	Dana Perino
244844283	brunelldonald	Brunell Donald-Kyei,
4289043505	TeamTrumpPA	Team Trump PA
1111940934	davidplouffe	David Plouffe
1067400793	DavidBlair1776	David Blair
240454812	GenFlynn	General Flynn
38471535	AmandaTMiller	Amanda Miller
4855663129	Texas_For_Trump	Texas For Trump
20491223	rkburgess	Rob Burgess
4162145293	TYRAVOICE	Lady America
63150856	VoteMarsha	Marsha Blackburn
2941802980	NikoTheFarmer	Niko, I'm with Trump
205644304	Trump_World	TRUMP WORLD
62230014	CaliforniaPanda	Steven Cheung
215885760	KDORR_USA	Kaelan Dorr
108617810	DanaBashCNN	Dana Bash
22956220	HeyTammyBruce	Tammy Bruce
1707369648	MediaBuzzFNC	#MediaBuzz
18313747	HARRISFAULKNER	HARRISFAULKNER
48712680	tedjarrett	Ted Jarrett
76543481	BorisEP	Boris Epshteyn
3981225735	TrumpStudents	Students For Trump
503400523	CarlHigbie	Carl Higbie
2417586104	SebGorka	Sebastian Gorka
141730521	bclanza	Bryan Lanza
126629610	CarolCNN	Carol Costello
17075866	CherylForbergRD	Cheryl Forberg
245953646	JoeBorelliNYC	Joe Borelli
1004876916	Devonte_Riley	Devonte Riley
729676086632656900	TeamTrump	Official Team Trump
172414996	annakooiman	Anna Kooiman
67966660	UmaPemmaraju	Uma Pemmaraju
437162065	NabilaHaniss	Nabila Haniss
16341217	yehudaberg	Yehuda Berg
2150142930	IAmBrittGeorge	Britt George
1084375028	JasonMillerinDC	Jason Miller
138182116	trish_regan	Trish Regan
119099353	Harlan	Harlan Hill
938674796	Texan2A	MAGA 1-20-17
59145948	maureendowd	Maureen Dowd
2916305152	Snowden	Edward Snowden
261014695	LGlick1	Larry Glick
471672239	KellyannePolls	Kellyanne Conway
712730920760029187	NDCTrump	NDC For Trump
736989573201301504	KelemenCari	Cari Kelemen 
162954784	YourNewsGirl	Mi Seon Lee
11347122	GavinNewsom	Gavin Newsom
827200291	gopquay	Quay Manuel
2853461537	ScottAdamsSays	Scott Adams
701188590169157633	BabesForTrump	Babes For Trump
4493551693	Jeanette4Trump	Jeanette 4TRUMP
1684207818	JeffDeWitAZ	Jeff DeWit
17685258	parscale	Brad Parscale
159491661	EliHMiller	Eli H. Miller
893953040	dotgop	.gop
188793260	ninaturner	Nina Turner
4510755552	_Makada_	Makada 
635024437	theoduscrane	Theodus Crane
2937795501	RobinFoxNews	Robin Fox
358545917	Cernovich	Mike Cernovich 
33908800	kevincorke	Kevin Corke
129186180	RichieRosati	Richie Rosati
36232215	randikayeCNN	Randi Kaye
18646108	BretBaier	Bret Baier
3547437435	CassidyDumbauld	Cassidy Dumbauld
2990729241	freedomcaucus	House Freedom Caucus
25413556	LynnePatton	Lynne Patton
121574367	LisaMarieBoothe	Lisa Boothe
131497030	VanJones68	Van Jones
397545273	realJeffreyLord	Jeff Lord
18951125	TimSClark	Tim S Clark
3118705906	joshgremillion	Josh Gremillion
3221357514	TrishIntel	Trish Regan Intel
4041824789	RSBNetwork	RSBN TV
322603418	ErinBurnett	Erin Burnett
711192549906472960	dougkramers	Doug Kramers
4102376488	The_Trump_Train	The Trump Train
466864852	BoSnerdley	Bo Snerdley
467803558	JasonHervey	Jason Hervey
27915028	antoniosabatojr	Antonio Sabto Jr
36830094	VincentIrizarry	Vincent Irizarry
5509762	SarahHuckabee	Sarah Huckabee
235768743	BradleyScott1	Bradley Scott
16305330	margaretcho	Margaret Cho
711188856943411200	PaulManafort	Paul Manafort
1873929764	kupajo322	Taurus Rachel
466144416	TrumpSuperPAC	Trump Super PAC 
3314758074	Trump_Videos	Trump Triumphs 2016
65455370	scottisbell_	Scott Isbell
1628841380	AdrianaCohen16	Adriana Cohen
2480268229	TheOfficerTatum	Brandon Tatum
347627434	LindaSuhler	Linda Suhler, Ph.D.
4810747934	DarkNetXX	American Fighter
23342386	EdvisoryCouncil	EdVice
16177626	swebs	swebs
266894776	AJDelgado13	A.J. Delgado
1241951521	NerdsCanFixThat	Nerds Can Fix That!
135294863	abbydNYC	Abby
82447359	ScottBaio	Scott Baio
29458079	JudgeJeanine	Jeanine Pirro
1023335376	luchoandfriends	Lucho&Friends
16799621	OMAROSA	OMAROSA
20593022	YoavAdler	Yoav Adler
2914529775	realKniteWulf	
80082384	RobertJohnDavi	Robert Davi
26820275	SenScottBrown	Scott P. Brown
22077368	lesleyclark	lesley clark
108095136	officialchilli	Chilli
112441291	DeirdreBolton	Deirdre Bolton
857360184	AngelaZatopek	Angela Zatopek
241201438	Bakari_Sellers	Bakari Sellers
14839147	ericbolling	Eric Bolling
3677742792	immigrant4trump	Immigrants4Trump
259001548	kayleighmcenany	Kayleigh McEnany
3031838684	JudgeMoroz	Judge Hal Moroz
52224524	BryanStinson	Bryan Stinson
52224524	BryanStinson	Bryan Stinson
475802156	MrsVanessaTrump	Vanessa Trump
75541946	LaraLeaTrump	Lara Trump
142857815	_JasonOsborne	Jason Osborne
1263428935	TrailMob	TrailMob
3293118434	Veteran4Trump	Veterans For Trump
27895304	heytana	Tana Goertz
21610240	Crimsontider	Debbie Dooley
390849121	1jimmer	Jim Holt
1424200464	cantubrunerdsns	Cantu Bruner Designs
2191139863	biltmoreinvest	James Miller
1734921174	axlejazzo	Axle
2865256862	OPMpaul	GO BANNON! 
337883118	BigRichTexasPam	Pamela Martin
3420965393	hectormorenco	Hector Morenco
591349485	Jeff_Neil525	Deplorable Jeff
1537114890	sabine_durden	Sabine aka Domsmom
2592143102	JonFeere	Jon Feere
124199238	DSF2020	dena ferreira
2438013757	TrumpHat	Duterte/Linkola 2016
3947091915	NewportLost	Saucy Tacia
39334221	pastormarkburns	Pastor Mark Burns
2471692340	PastorDScott	Dr.Darrell Scott
1170230138	afterhispassion	Carlos Castro
4322846783	EdeltraudNews	Edeltraud
4420746984	SylviaHenley1	Sylvia Henley
15685838	ToddHeadleeAZ	Todd Headlee
26487169	LouDobbs	Lou Dobbs
154567275	EricTrumpFdn	The Eric Trump Fdn
715044396	Rockprincess818	RockPrincess
4191199337	charelle_brown	Charelle Brown
264361128	Liz_Wheeler	Liz Wheeler
65524509	JohnsonRashan	Rashan Johnson
932196612	PutinRF_Eng	Vladimir Putin
3321659496	TrumpNV	Charles Munoz
3234275397	TrumpNH	Donald Trump NH
118784158	michaelglassner	Michael Glassner
245963716	TiffanyATrump	Tiffany Trump
1405281342	huitecouture	huitecouture
951915308	SchreckReports	Ben Schreckinger
41165751	theratzpack	#FreeAssange#MAGA
473654129	_MeganPowers	Megan Powers
3380947863	SCTeamTrump	SC Team Trump
3282821233	EvangForTrump	EvangelicalsForTrump
3412995459	realMattShannon	Matt Shannon
4121225056	CLewandowski_	Corey R. Lewandowski
3179556546	AmericaTrendsTV	America Trends TV
3395964711	Women4Trump	Women 4 Trump
2871246395	laurenpaige1985	Lauren Williams
3139898299	DeplorableTrain	TrumpTrain
3301935704	alivelutheran	Alive Lutheran
25964286	vidortwitt	canales
396704627	EboniKWilliams	Eboni K. Williams
12008602	carriesheffield	Carrie Sheffield
22451908	fran_chambers	Francesca Chambers
2729691812	curtismuddog	Deplorables 2016
411943815	ItsJustTay__	TAY.
158276384	ellenEspence	Trump Nation
3127823569	SmartStrongWomn	Smart Strong Women
288003785	stan_twitts	Stan
