245953646	JoeBorelliNYC	Joe Borelli
76543481	BorisEP	Boris Epshteyn
245963716	TiffanyATrump	Tiffany Trump
38497630	GaryCoby	Gary Coby
3547437435	CassidyDumbauld	Cassidy Dumbauld
4041824789	RSBNetwork	RSBN TV
1025076702	AviBerkow	Avi Berkowitz
159655293	TalKopan	Tal Kopan
720293443260456960	Trump	Trump Organization
804883120193466368	TrumpInaugural	Trump Inauguration
178973012	norishikata	Noriyuki SHIKATA
182398325	JonLemire	Jonathan Lemire
138809881	mschlapp	Matt Schlapp
770781940341288960	RudyGiuliani	Mayor Rudy Giuliani
240454812	GenFlynn	General Flynn
358545917	Cernovich	Mike Cernovich 
74588583	USHCC	USHCC
23970102	oreillyfactor	Bill O'Reilly
29216764	Judgenap	Judge Napolitano
281610530	Varneyco	Varney & Co.
14344823	SenateGOP	Senate Republicans
11134252	GOP	GOP
26487169	LouDobbs	Lou Dobbs
733751245	PRyan	Paul Ryan
20713061	newtgingrich	Newt Gingrich
20733972	Reince	Reince Priebus
50769180	IngrahamAngle	Laura Ingraham
261014695	LGlick1	Larry Glick
25429371	KatrinaPierson	Katrina Pierson
29458079	JudgeJeanine	Jeanine Pirro
20776147	seanspicer	Sean Spicer
173269540	kellyalove	Kelly Love
186646579	ainsleyearhardt	Ainsley Earhardt
1180379185	RealBenCarson	Dr. Ben Carson
118784158	michaelglassner	Michael Glassner
1084375028	JasonMillerinDC	Jason Miller
780411785564348416	TrumpWomensTour	Trump Women's Tour
471672239	KellyannePolls	Kellyanne Conway
266894776	AJDelgado13	A.J. Delgado
1638857658	DHendrickson41	Doug Hendrickson
729676086632656900	TeamTrump	Official Team Trump
4764686473	KeithSchiller45	Keith Schiller
620571475	DanScavino	Dan Scavino Jr.
17685258	parscale	Brad Parscale
42670638	mercedesschlapp	Mercedes Schlapp
18916432	SpeakerRyan	Paul Ryan
15985455	GovPenceIN	Governor Mike Pence
80082384	RobertJohnDavi	Robert Davi
22203756	mike_pence	Mike Pence
27895304	heytana	Tana Goertz
705670122	ChrisUmpierre	Chris Umpierre
16177239	MIAMIaor	Miami Realtors
58638890	Troublein904	Laveranues Coles Jr.
794283752	inacordle	ina cordle
788735324	tyhenrymedium	Tyler Henry
246945331	KikiDemid	Kristin Demidovich
868864214	Downey_AOR	DAOR
39633585	ayeshacurry	Ayesha Curry
16742270	FrankieColetto	FrankieColetto
206068931	iSteveHawthorne	Steve Hawthorne
27801361	marcuslemonis	Marcus Lemonis
38537299	Genesismp	GENESIS MEDIA GROUP
1633040010	RawlsMA	MichaelRawls
30328902	SarahElles	Sarah Elles Boggs
19876658	MiamiJorge	Jorge Fernandez
20998647	weatherchannel	The Weather Channel
136393773	JoeRychalsky	Joseph S. Rychalsky
2325924517	jason_meister	Jason D. Meister
2330590446	MorningsMaria	Mornings with Maria
208155240	MariaBartiromo	Maria Bartiromo
2523483728	KevinKellyRecon	Kevin Kelly
2332354080	SandraSmithFox	Sandra Smith
63309493	CJG1977	Carlos J. Gimenez
14515799	brianstelter	Brian Stelter
547860279	ReliableSources	Reliable Sources
747614623	JessieHeasman	Jessie
2415053456	CNNTonight	CNN Tonight
2690924413	tysofast	Ty So Fast
893584320	ToiCook	Toi Cook
36710827	NAR_Research	NAR Research
26582391	htrealestate	Harold Bubil
38296990	HouseLogic	HouseLogic
2821243265	NARSocial	T.J. Doyle
185480713	jasonhidalgo	Jason Hidalgo
15289052	hzawyer	Holly Zawyer
16458756	LATHotProperty	Lauren Beale
51185445	SchwartzMedia	Schwartz Media PR
236937673	KrisHudsonCRE	Kris Hudson
59931215	RobynAFriedman	Robyn A. Friedman
6803492	DallasDirtCandy	Candace Evans
15717508	QuinnPR_	Quinn
103872741	dandiclerico	Daniel DiClerico
170002466	MarkMcMillian29	Mark McMillian
429778078	ClarissaChicago	Clarissa Flores
55331344	RRRawlings	Richard Ray Rawlings
488841110	GasMonkeyGarage	Gas Monkey Garage
352017493	ApexSportAgency	Apex Sports Agency
22735770	FollowMMA	Jason Chambers
69684096	tommykato	Tommy Kato
61609907	BozeForged	Boze Forged
86972419	MrDrewScott	Drew Scott
254106507	CortesLatino	Francisco Cortes
534264542	50MClub	50MClub
2542967450	eonlineasia	E! Online Asia
349444184	VixenRogue	Vixen the Reindeer
2523588247	Cash10X	ChristopherJCulbert
600196323	LibraThatsMe	LibraThatsMe
861066770	NdieNdivhsM	jstNdi
81743831	JulietaDTV	Julieta Teran
469737716	andreshernandez	Andres Hernandez
2856966269	JenniferMEsq	Jennifer Barnett,Esq
75541946	LaraLeaTrump	Lara Trump
29828364	CityofMiami	City of Miami
1281274039	MayorLevine	Mayor Philip Levine
874073270	CommishDiaz	Jose Pepe Diaz
331783175	MayorGimenez	Carlos A. Gimenez
19103481	Uber	Uber
2822505528	davidagage	David Gage
76710921	ShapeLovers	Shape Lovers
786862760	NexusShooting	Nexus Shooting
15999286	realtormag	REALTOR Magazine
43446538	RealtyTrac	RealtyTrac
287828412	InmanConnect	Inman Connect
321025486	InmanNext	Inman Next
15535189	Redfin	Redfin
17351940	realtordotcom	realtor.com
930091	trulia	Trulia
19262500	zillow	Zillow
35872799	MSNRealEstate	MSN Real Estate
14095706	nardotrealtor	REALTORS
18211501	LATrealestate	LA Times Real Estate
17025613	nytrealestate	NYT Real Estate
129964269	RealTonyRocha	Tony Rocha
1344688566	dantas_30	Dantas
330510986	natalieevamarie	Eva Marie
64496398	MelissaJoanHart	Melissa Joan Hart
377039040	TheRealStafford	michelle stafford
118133929	ryanmcbay	Ryan McBay
257561160	BBarto18	Burt Barto
377643951	Ahmed_Alnahyan	    
2260965776	robertsyslojr	Robert Syslo Jr
471010707	MBZNews	   
2357574121	SaifBZayed	    
32271789	KerriKasem	Kerri Kasem
122912357	homessouthbeach	Lily Zanardi
235231751	CurbedMiami	Curbed Miami
32419054	TheBlondeNomad	Get Lost With Jackie
583818675	faystar	Polly Pocket
2227496222	supercarsmiami	Super Cars of Miami
148870552	MMAMASTERS	MMA MASTERS
1917787178	DrydeLuxe	Dry de Luxe
175583273	Chovitta_	Chovitta Ariza
2732406806	PeckMarge	Marge Peck
322788120	JarrodGlandt	Jarrod Glandt
23854777	likatmur88	Linda Murphy
1537478390	jovanhaye	Jovan Haye
29206375	theLUCYLOPEZ	LUCY LOPEZ
473103486	Nofireboxing	Wes Nofire
2174527993	TrumpRealty	Trump Int'l Realty
168725490	DoctorAromas	Doctor Aromas
183352603	BradRoby_1	Bradley Roby
52856830	kirkmorrison	Kirk Morrison
165437053	JawuanJames70	Ja'Wuan James
258877418	Big_Mountain77	William Turner
91368801	Michael31Thomas	Michael Thomas
86093276	producerjacknyc	Jack Rich
73391071	OrleansDarkwa	Orleans Darkwa
486229513	davidhurd69	david hurd
123141948	DwillOne7	Damian Williams
268026765	Allstar_AIK	Walt Aikens
2286059298	jtripp37	Jordan Tripp
229735555	TeamDWright24	Demetrius Wright Jr
1594631682	TheWoot_	Rantavious Wooten
2505425375	Walt_Aikens	Walt Aikens
525613988	KT_PlayerEngage	Kaleb Thornhill
475802156	MrsVanessaTrump	Vanessa Trump
28330291	TheSceneMiami	The Scene Miami
38471535	AmandaTMiller	Amanda Miller
337408006	YYBAQB	Dadi L Nicolas
2342614350	CardoneMedia	Cardone Media PR
2468647092	E_philippines	E! Philippines
321349838	EifRivera	DIRECTOR EIF RIVERA
39597236	MbinH	Mohammed bin Hamad
17627858	kamranf	Kamran Farid
137544413	AlanMruvka	Alan Mruvka
321443949	ojmcduffie81	OJ McDuffie
180250256	Flex_Lewis	Flex Lewis
1097524975	LuxuryWorldTrav	LuxuryWorldTraveler
28596277	ernv1208	enrique
2285939821	PrideofGypsies	Jason Momoa
15212540	IbogaineDoc	Jeffrey D Kamlet MD
61055820	paolavbolano	Paola Bolano
28841525	AndreaDmarcoWWE	Andrea D'Marco
70046391	FelishaMonet	Felisha Monet
16104258	AliciaMenendez	Alicia Menendez
436171805	FusionPop	Fusion Pop & Culture
110213431	jorgeramosnews	JORGE RAMOS
40924038	Univision	Univision
121817564	Fusion	Fusion
233682383	theraplex	Theraplex
