17061263	netanyahu	Benjamin Netanyahu
200785205	AdelleNaz	Adelle Nazarian
244844283	brunelldonald	Brunell Donald-Kyei,
1090556088	CounterMoonbat	Jason C.
3420965393	hectormorenco	Hector Morenco
16589206	wikileaks	WikiLeaks
4183248796	realDennisLynch	Dennis Michael Lynch
22055109	SteveDoocy	Steve Doocy
124219349	TandCmag	TOWN&COUNTRY
91882544	DineshDSouza	Dinesh D'Souza
259001548	kayleighmcenany	Kayleigh McEnany
27768807	Paula_White	Paula White-Cain
27609922	sean_p_walsh	Sean Walsh
206998507	itsmarlamaples	marla maples
27915028	antoniosabatojr	Antonio Sabto Jr
76543481	BorisEP	Boris Epshteyn
893953040	dotgop	.gop
43906698	JLPtalk	Jesse Lee Peterson
50769180	IngrahamAngle	Laura Ingraham
784523868694253569	KathyShelton_	Kathy Shelton
2996469091	JOMainEvent	Keep'n It Real!
1576953240	ChetLove3	Chet McGensy
102862980	AlwaysActions	AlwaysActions
2258189550	RealOscarLopez	Oscar Lopez Official
780411785564348416	TrumpWomensTour	Trump Women's Tour
3293118434	Veteran4Trump	Veterans For Trump
3677742792	immigrant4trump	Immigrants4Trump
3677112861	trumpiowa	Trump IOWA 2016
27895304	heytana	Tana Goertz
471672239	KellyannePolls	Kellyanne Conway
552744389	animalaidusa	Animal Aid USA
16017475	NateSilver538	Nate Silver
47253057	RogerJStoneJr	Roger Stone
20733972	Reince	Reince Priebus
106448460	WhiteHouseHstry	White House History
1873929764	kupajo322	Taurus Rachel
770781940341288960	RudyGiuliani	Mayor Rudy Giuliani
282695161	WayneDupreeShow	Wayne Dupree
17685258	parscale	Brad Parscale
78523300	RealJamesWoods	James Woods
18313747	HARRISFAULKNER	HARRISFAULKNER
186646579	ainsleyearhardt	Ainsley Earhardt
266894776	AJDelgado13	A.J. Delgado
1084375028	JasonMillerinDC	Jason Miller
66923871	PARISDENNARD	PARIS
4764686473	KeithSchiller45	Keith Schiller
975280028	LESTRENTtv	LES TRENT
121217779	ChatRevolve	Trump Street Team FL
20973145	AshleyBellR	(((Ashley D. Bell)))
347627434	LindaSuhler	Linda Suhler, Ph.D.
240454812	GenFlynn	General Flynn
729676086632656900	TeamTrump	Official Team Trump
2471692340	PastorDScott	Dr.Darrell Scott
39334221	pastormarkburns	Pastor Mark Burns
57107167	twibbon	Twibbon
273542042	therealroseanne	Roseanne Barr
25101996	kimguilfoyle	Kimberly Guilfoyle
56561449	jessebwatters	Jesse Watters
711188856943411200	PaulManafort	Paul Manafort
22203756	mike_pence	Mike Pence
380285402	DailyMail	Daily Mail US
14335435	NCGOP	NCGOP
24578794	Scaramucci	Anthony Scaramucci
80082384	RobertJohnDavi	Robert Davi
15985455	GovPenceIN	Governor Mike Pence
63291287	REALStaceyDash	Stacey Dash
43165080	StuartWeitzman	Stuart Weitzman
24518111	THEHAPPYMEDIUM	KIM RUSSO
733751245	PRyan	Paul Ryan
36935647	jacknicklaus	Jack Nicklaus
370706157	BUrlacher54	Brian Urlacher
2787034093	StephenBieber_	Stephen
1130356441	FoodPornsx	Food Porn
2440252190	foodporntho	Food Porn
210684204	TayeDiggs	Taye Diggs
2314391886	TrumpDC	Trump Washington DC
183266354	AlejandraDotTV	Alejandra Costello
24638657	JTSantucci	John Santucci
16031927	greta	Greta Van Susteren
29458079	JudgeJeanine	Jeanine Pirro
16157855	edhenry	Ed Henry
15931637	jonkarl	Jonathan Karl
16799621	OMAROSA	OMAROSA
1180379185	RealBenCarson	Dr. Ben Carson
156452789	ItsFoodPics	FoodPics
255109294	Evins	Sean Evins
55220919	TheRealDrMiami	Dr. Miami
9624042	StJude	St. Jude
386649960	rroymcclain	roy
3342752987	DupuyIii	Original Dupe Daddy
237403203	AllenWest	Allen West
172414996	annakooiman	Anna Kooiman
4707314476	menzinblack	Alex Menzel
118784158	michaelglassner	Michael Glassner
25429371	KatrinaPierson	Katrina Pierson
3538518262	TeamTrump5	Team Trump
26820275	SenScottBrown	Scott P. Brown
18227519	morningmika	Mika Brzezinski
21619519	JoeNBC	Joe Scarborough
4102376488	The_Trump_Train	The Trump Train
254117355	Morning_Joe	Morning Joe
361342191	OutFrontCNN	OutFrontCNN
322603418	ErinBurnett	Erin Burnett
41634520	seanhannity	Sean Hannity
65493023	SarahPalinUSA	Sarah Palin
15513604	foxandfriends	FOX & friends
196168350	AnnCoulter	Ann Coulter
23970102	oreillyfactor	Bill O'Reilly
14434063	nytpolitics	NYT Politics
16815644	ABCPolitics	ABC News Politics
16032925	foxnewspolitics	Fox News Politics
13850422	CNNPolitics	CNN Politics
9300262	politico	POLITICO
15458694	HuffPostPol	HuffPost Politics
14511951	HuffingtonPost	Huffington Post
247723476	DRUDGE	MATT DRUDGE
14669951	DRUDGE_REPORT	DRUDGE REPORT
15537849	StarNewsOnline	StarNewsOnline
17469289	nypost	New York Post
1265452904	TrumpNationalNY	Trump Westchester
2908170952	DiamondandSilk	Diamond and Silk
95824147	aprivateisland	Cayo Espanto
4121225056	CLewandowski_	Corey R. Lewandowski
246500501	GeraldoRivera	Geraldo Rivera
197505882	emilyjoybeagle	Emily the Beagle
89755402	grace_ormonde	Grace Ormonde
21072005	ambiej	Amber Jamieson
464239398	TheWheel28	Michael Wade
48648934	WilmingtonPD	Wilmington Police
121721625	TrumpDoonbeg	Trump Doonbeg
63843485	Tea4Freedom	Trumper
3395964711	Women4Trump	Women 4 Trump
37690939	CityofWilm	Wilmington NC
3310336667	CarilloOffice	Carillo
15113565	USCG	U.S. Coast Guard
39272561	akjuliana	Juliana Edwards
98299129	wedding_style	Wedding Style
237920783	TrumpToronto	Trump Toronto Hotel
119157187	TrumpWaikiki	Trump Waikiki
191726210	TrumpPanama	Trump Hotel Panama
29562422	TrumpGolfLA	Trump Los Angeles
1013672084	TrumpGolfDC	Trump Washington DC
336927266	KHartley9	Keith Hartley
3330339237	mrkidtrump	Shay Doyle
22413062	SpotExperience	Spot Canine Club
422281569	lorakaram	Lora Karam
55117855	amyschumer	Amy Schumer
489758150	JennavonOy	Jenna von Oy
742143	BBCWorld	BBC News (World)
1652541	Reuters	Reuters Top News
313038087	AlisonReporting	Alison Hall
934757443	nycourtsnotice	NYCourts
25521487	danieltosh	daniel tosh
156132825	MikeTyson	Mike Tyson
384479689	YahooScreen	Yahoo Screen
1198111843	TrumpVancouver	Trump Vancouver
538386689	Fox5Teresa	Teresa Priolo
69615397	LouboutinWorld	Christian Louboutin
47459700	Burberry	Burberry
24047612	LouisVuitton_US	Louis Vuitton US
40080940	VeraWangGang	Vera Wang
1906176547	officialmutombo	Dikembe Mutombo
52773152	DonnaPhotog	Donna Newman
25586254	mattshair	matt fugate
250910994	JZEvents	Jennifer Zabinski
362743735	StevenFabianTV	Steven Fabian
12101862	VirginAmerica	Virgin America
34126592	bobbydtv	Bob DeCastro
511240477	HudsonMOD	HudsonMOD
2415421344	MarnieTheDog	Marnie The Dog
311877745	nicoletung6	Nicole Tung
23330612	SteveBattaglio	Stephen Battaglio
21414413	Joan_Rivers	Joan Rivers
182054833	dan_kluger	Dan Kluger
613711522	firesafetydogs	Fire Safety Dogs
203026347	HarryWinston	Harry Winston
419538326	barkbox	BarkBox
17656965	Luckyorphans	Luckyorphans
2175630216	Tuna_the_dog	tunameltsmyheart
26462959	GregTtheFratBoy	Greg T
369631951	ElvisDuranShow	Elvis Duran
14280911	reputationdr	Mike Paul
2569261	petershankman	Peter Shankman
519242933	JimYonkers	Jim Yonkers
36252405	MissLissetteG	Lissette Garcia
164844314	10NewsJason	Jason Martinez
326359913	CHANEL	CHANEL
619602149	CitronHollie	Hollie Citron
633797941	TrumpDoral	Trump National Doral
1517700650	skyhighshoot	Sky High for St Jude
44804788	cmahfouz	Christl Mahfouz
402765717	TrumpPhillyGM	Eric J. Quinn
343315748	BrianFreeswick	Brian Freeswick
1264936938	BrittSkyHigh	Brittany
866618072	_KatherineWebb	Katherine McCarron
75892358	guskenworthy	Gus Kenworthy
184890642	TrumpNewYork	Trump New York
48223726	TrumpChicago	Trump Hotel Chicago
20535237	TrumpSoHo	Trump SoHo
67119128	TrumpHotels	Trump Hotels
