72210974	JCourt	Jeremy Courtney
268414482	MileyCyrus	Miley Ray Cyrus
35094637	aliciakeys	Alicia Keys
3193692500	BenHurMovie	Ben Hur
30966948	therealmarymary	Erica & Tina
25398075	TerrenceJ	Terrence J
701810187007463424	CoupledFOX	Coupled
96846955	IAmSteveHarvey	Steve Harvey
37788181	Rodriguez	Robert Rodriguez
586	sacca	Chris Sacca
2864377666	ErwinBros	The Erwin Brothers
2715403902	LuchaElRey	Lucha Underground
12044602	Schwarzenegger	Arnold
139188383	StevenEwald	Steven Noble Ewald
2871546746	areyousmarter	Are You Smarter
27768807	Paula_White	Paula White-Cain
109081861	VictoriaOsteen	Victoria Osteen
376392717	LittleBoyFilm	Little Boy
18469490	4kingandcountry	for KING & COUNTRY
19191229	crowdermusic	David Crowder
35789450	chipochung	chipo chung
1021931346	BabouCeesay	Babou Ceesay
204043917	Adam_Levy	Adam Levy
2161977759	willfthorp	Will Thorp
279073311	juanpablodipace	Juan Pablo Di Pace
29034575	CLAIREECOOPER	CLAIRE COOPER
68291414	EmmettScanlan	Emmett J. Scanlan
23603092	etnow	EntertainmentTonight
22109593	JasonKennedy1	Jason Kennedy
18812301	katiecouric	Katie Couric
17226672	PastorChoco	Wilfredo De Jess
2835627276	ADtheseries	A.D.
32988140	AndyStanley	AndyStanley
117233398	apostlegm	Apostle G Maldonado
51052623	davidnasser	David Nasser
376608396	OzzyLusth	Ozzy Lusth
89003506	PatrickStump	Patrick Stump
17919972	taylorswift13	Taylor Swift
14840869	MGM_Studios	MGM Studios
18863815	coldplay	Coldplay
8983712	compassion	Compassion Intl
36438900	Miriamls	Miriam Rincn
23675984	FavorIntl	Derrick Williams
27978801	MattGaven	Matthew Gaven
28208983	gwenstefani	Gwen Stefani
338084918	Pharrell	Pharrell Williams
293695771	billkerbox	bill kerbox
445277813	cindiverse	cindyverse
248900032	MagicJohnson	Earvin Magic Johnson
376502929	Snapchat	Snapchat
31049958	jaycannold	jay cannold
23726462	Lisy5757	Lissette Pinon
323253776	suemack8	Suzanne McCormack
271523459	LettyBalian	Letty Balian
471718973	DPaulMonteiro	D. Paul Monteiro
14562310	thewongone	Dave Wong
22832401	PhilKeoghan	Phil Keoghan
96040215	russellhantz	Russell Hantz
238247044	BostonRob	Boston Rob
28458538	CharlesJenkins7	Charles Jenkins
39634561	kirkfranklin	Kirk Franklin
20622698	tommybarnett	Tommy Barnett
38514487	davidcrank	David Crank
1906008546	beckifalwell	becki falwell
22075727	bobbiehouston	Bobbie Houston
285177228	AustinBDaniels	Austin Beau Daniels
595799408	jeckenberg	Jazmin 
546167493	DaxCabrera	Dax Cabrera
87972422	JannaFofanna	Janna Elias
27830770	PastorHathaway	Alvin Hathaway, Sr.
328497583	CharlieParsons_	Charlie Parsons
323107858	zoehajjam	Khadija Alami
18634647	toofpick	toofpick
1448125993	SANGAHZByRomeoJ	SANGAHZ By Romeo J
1598868998	TheVeilFilm	The Veil
175180032	LeeZeidman	Lee Zeidman
67530870	RosettaBain	Rosetta Bain
353265696	DarylNuss	Daryl Nuss
205288164	JesuKhristo	Jesucristo
97721581	jaykaras	Jay Karas
305235464	HoudMona	houd mona
28501917	schnd	Steve Seidel
217976497	claytownsend1	Clayton Townsend
1113057793	BeefyDisney	Daniel Cohen
164414980	amazelingL	lisa
339689520	so3projects	so3 projects
1249352473	MarkBauserman1	Mark Bauserman
25064683	IamShi	Nat.
1967037954	jamiedbruce	James Bruce
1340006532	KenBarun1	Ken Barun
18099991	janemun	Jane Y. Mun
19385150	adammersel	Adam Mersel
1947753367	ElenaNachmanoff	Elena Nachmanoff
187492623	MyLaPlanet	R LaPlante
50844556	Matsumoto818	Michael Matsumoto
1289815244	rikkijklieman	Rikki Klieman
32338653	MrBusey	Gary Busey
279830464	marketingimagin	Imagination-marketin
1293051	aneel	Aneel
19707929	ChipBrown	ci  ron
40393673	woodte	Terry wood
453050514	ViviNevo	Vivi Nevo
22534770	bbenstock	Brian Benstock
1396671	fredgraver	Fred Graver
102960062	mickmcgrath_	Mick McGrath
14485870	pcwhalen	pcwhalen
351579576	DarwinShaw	Darwin Shaw
556147564	TrentOthick	Trent Othick
230102916	iROCtheNinja	Eric W. Childress
129016306	DominiqueGrund	Dominique Grund
846795714	NINATASSLER	NINA TASSLER
22547707	sgttate	John Moffitt
584486029	UnaMaleta	UnaMaleta
151637378	markmcbr	Mark S McBride
822979730	alanspalding1	alan spalding
1095798242	HaukeRichter	Hauke Richter
306502890	DavidGoldberg1	David Goldberg
28295544	KellyVanPatter	kelly van patter
47457469	johnjkilcullen	John Kilcullen
44684962	M_K_Clifford	Michael K. Clifford
18770516	randallrandall	randallrandall
56561829	Markschulman72	mark schulman
1181584116	christasbella	Christa Schoeman
467940379	BruceFreud	Bruce Freud
547368870	petegcjb	peter genga
1868730475	GulfUSAdvisory	Gulf US Advisory
161162249	twernercw	thomas werner
311243706	lisalich44	lisa lichtenstein
548667205	DavidBelieves	David Wood
1152520350	143JennFrat	Jenn Fratarcangelo
703896763	jfranciskovic	JenningsFranciskovic
1096068541	don_weiner	don weiner
916924543	MikeSears7	Mike Sears
16993289	yrichter	Isaac Richter
224724767	justnhare	Justin Hare
2246673726	matt_walling	mattliam
23825378	EricAbel	Eric Abel
2316479809	Jessroseweiss	Jessie Weiss
535524717	DaveBelasco	David Belasco
15241557	reedhastings	Reed Hastings
2352905420	mptvprod	Mptvprod
2283877514	PopesFaveMovie	Pope's Fave Movie?
21774546	szirinsky	Susan Zirinsky
142722744	DeborahGGFilmz	Deborah Giarratana
336302181	ValariStaab	Valari Staab
172768807	geeratz	Misja Geeratz
167694270	zozze9	Zoz Hany Luis
20017234	brandolini789	Douglas DeLuca
14090935	johncheard	John Heard
474397449	RevGaylonMcD	Gaylon McDowell
152474064	aaronmeyerson	aaron meyerson
240074675	_JamesBurnett	James Burnett
56948085	akenjeev	Alex Kenjeev
35134343	Jodinka	Jodi Carroll
60698147	justjho	Justin W. Hochberg
16379318	carynzucker	carynzucker
373551840	OlaySkinCare	Olay Skin Care
64507018	LourdesAguirre	Lourdes Aguirre
570828221	Mceacherngeorge	George McEachern
1238016421	jormataccone	Jorma Taccone
45713516	Peter_Margolis	Peter Margolis
1044190586	OneNightLive	OneNightLive
65707359	ShuttleCDRKelly	Mark Kelly
76756832	Agent_Melly_Mel	Melanie Thomas 
399530561	MayariMayari	Mayari Leytevidal
21969745	LisaErspamer	Lisa Erspamer
132663669	juhudotcom	Juhu.com
2353766000	cwinstonn	Chandler Winston
302906826	davidhurwitz1	david hurwitz
430454236	thatmikeduffy	mike duffy
95856043	Woutav	Wouter de Vries
837544430	EricVanWagenen	Eric Van Wagenen
17588185	rona65	hawkgirl
339714185	TeamNEGU	JessieReesFoundation
15336203	bobwilson_ie	Bob Wilson
17859981	caseywasserman	Casey Wasserman
16365417	joechampion	Joe Champion
29434671	davidlillo	David Lio
6385432	dickc	dick costolo
88731537	bcslms	Brian C Stiller
15130417	abrahamcho	Abraham Cho
15759966	lensweet	Leonard Sweet
301090640	Garybo_SZ	Gary Scullion
242382737	LynnAnnLane	Lynn Lane
271154321	Dinoplayspiano	Dino Kartsonakis
17329965	chucklabella	chucklabella
607695873	Debmil22	Debbie Miller
103175436	lthemanalways	Larry Hall
563016104	textsfromrobb	ROBB
1415174017	deedeesharon	deedee
15692661	lenf	lenfogge
33026066	geniarogers	Genia Rogers
1024919852	jonasmccord	jonas mccord
97478115	Jake_McEntire	Jake McEntire
131986906	BertVanManen	Bert van Manen MP
80405438	ksirrahkevin	kevin harris
273015801	ronaldkarlsberg	Ronald Karlsberg MD
1945686007	TheonlyDiQuon	Di Quon
432103647	soundcitymovie	Sound City Movie
69358916	DaystarJoni	Joni Lamb
