25073877	realDonaldTrump	Donald J. Trump
116471216	DrShefali	Dr. Shefali
52544275	IvankaTrump	Ivanka Trump
250084928	BestofPisces	Best of Pisces
250081479	BestofGemini	Best of Gemini
231879007	TaurusIsMagic	Taurus
789959215	BARRONTRUMP	Barron Trump
23603092	etnow	EntertainmentTonight
486834536	SWWFashion	S. Winston Wolkoff
21920965	ApprenticeNBC	#CelebApprentice
86824628	YAROKhair	Yarok Haircare
714334891	ManoloBlahnik	Manolo Blahnik
16929349	NYTFashion	NYT Fashion
15632759	ELLEUK	ELLEUK
24241031	VogueTVvideo	Vogue.TV
18220175	iamdiddy	Sean Diddy Combs
33514869	BarbaraJWalters	Barbara Walters
620571475	DanScavino	Dan Scavino Jr.
759251	CNN	CNN
6017542	BreakingNews	Breaking News
15676578	extratv	ExtraTV
182107650	PageSix	Page Six
39349894	EricTrump	Eric Trump
22179997	e_entertainment	E! Entertainment
577445026	SuzJohnsonNYJ	Suzanne Johnson NYJ
18334825	BazaarUK	Harper's Bazaar UK
25326324	vmagazine	V Magazine
14575107	tmagazine	T Magazine
19390810	NETAPORTER	NET-A-PORTER
31540671	foxnewsalert	Fox News Alert
1367531	FoxNews	Fox News
15513604	foxandfriends	FOX & friends
17469289	nypost	New York Post
98942778	Bergdorfs	Bergdorf Goodman
246371643	ELLEMagUK	ELLE Magazine
221392767	McQueen	Alexander McQueen
95229500	Harrods	Harrods
60054156	YSL	Yves Saint Laurent
14791162	wmag	W magazine
16913418	gucci	gucci
72568426	Versace	Versace
20177423	ELLEmagazine	ELLE Magazine (US)
31119337	Rachel_Roy	Rachel Roy
19784831	wwd	WWD
51241574	AP	The Associated Press
32469566	harpersbazaarus	Harper's Bazaar
3108351	WSJ	Wall Street Journal
27844479	BritishVogue	VOGUE.CO.UK
326359913	CHANEL	CHANEL
348379865	Dior	Dior
85772748	dolcegabbana	Dolce & Gabbana
118780654	OfficialALT	Andre Leon Talley
465723566	KarlLagerfeld	KARL LAGERFELD
16096416	VogueParis	Vogue.fr
126614785	vogue_italia	Vogue Italia
