261014695	LGlick1	Larry Glick
2837366998	JB_Ink_	Justin Best
63796828	verified	Twitter Verified
150151257	IanZiering	Ian Ziering
25101996	kimguilfoyle	Kimberly Guilfoyle
240454812	GenFlynn	General Flynn
39000115	KatyTurNBC	Katy Tur
82447359	ScottBaio	Scott Baio
27768807	Paula_White	Paula White-Cain
14515799	brianstelter	Brian Stelter
16228398	mcuban	Mark Cuban
50393960	BillGates	Bill Gates
25429371	KatrinaPierson	Katrina Pierson
196168350	AnnCoulter	Ann Coulter
241201438	Bakari_Sellers	Bakari Sellers
300893304	Christi_Paul	Christi Paul
18991321	deedeegop	Dee Dee Sorvino
1713751478	wachsy1	Marea
18978610	sallykohn	Sally Kohn
108617810	DanaBashCNN	Dana Bash
16305330	margaretcho	Margaret Cho
361342191	OutFrontCNN	OutFrontCNN
712730920760029187	NDCTrump	NDC For Trump
14246001	mikeallen	Mike Allen
93069110	maggieNYT	Maggie Haberman
2471692340	PastorDScott	Dr.Darrell Scott
16799621	OMAROSA	OMAROSA
39334221	pastormarkburns	Pastor Mark Burns
759251	CNN	CNN
471385477	DanielleeDoty	Danielle Doty
2908170952	DiamondandSilk	Diamond and Silk
47758708	jamesspivey	Jim Spivey
227837742	AC360	Anderson Cooper 360
139709510	KenCageRepo	Ken Cage
21786378	christiembear	Christie Bear
31779156	cnnkyra	Kyra Phillips
1375289149	NewDay	New Day
22799750	ChrisCuomo	Christopher C. Cuomo
1906008546	beckifalwell	becki falwell
77470877	JoeyL3rd	Joseph Livingston, 3
83972046	SchwartzDefense	David Schwartz
822104617	FirstNationwide	First Nationwide
41634520	seanhannity	Sean Hannity
17999274	NikeLab	NIKELAB
2149241365	TreyFalwell	Trey Falwell
39344374	DonaldJTrumpJr	Donald Trump Jr.
475802156	MrsVanessaTrump	Vanessa Trump
31628934	JerryFalwellJr	J L Falwell
22030851	footlocker	Foot Locker
1960664646	SharenJTurney	Sharen Jester Turney
919685336	Msirota1	michael sirota
444913649	NikeNYC	Nike NYC
17351972	nikestore	Nike.com
25341216	AlbieManzo	Albie Manzo
25316967	FabianKoss	Fabian Koss
467803558	JasonHervey	Jason Hervey
16841494	kellygitter	kelly gitter
105903347	toddbud	Todd Eisenbud
52544275	IvankaTrump	Ivanka Trump
108471631	MELANIATRUMP	MELANIA TRUMP
16017924	JohnnieM	Johnnie Moore  
14839147	ericbolling	Eric Bolling
157739327	meenasaurus	meena hart duerson
91644300	Denali_Beth	Beth Moura
413503946	MrJonnyDaniels	Jonny Daniels
931149601	Jonybaer	Jon baer
889652132	arubinsteinmssb	andres rubinstein
501961704	Carocci44	Albert Carocci
878231095	fowlernan	Nan Fowler
402069224	TomAllonCSNY	Tom Allon
815493158	TRobRadio	Trey Roberts
261696615	jacobklevine	Jake Levine
15637594	Jillzarin	Jill Zarin
245534374	DaisySociety	Daisy Olivera Miami
221502712	Weatherford5	Steve Weatherford
608504007	ElmoJRinaldi	Elmo Rinaldi
23119149	lsesselmann	Lauren Sesselmann
40045792	JoeGruters	Joe Gruters
410226900	DanMaduri	Dan Maduri
298181941	timpappas1	timpappas
25073877	realDonaldTrump	Donald J. Trump
408965169	KatieKearney_	Katie Kearney
365734564	RealMissMOUSA	Bayleigh Dayton
47334391	JacquelineFinke	Jacqueline
76535040	MMAconfidential	Bruce Kivo
23859390	Joedeoudes	Joe Deoudes
156426911	katrinakaupp	Katrina Kaupp
34852681	KatrinaCampins	KATRINA CAMPINS
120538136	MrsMorganMorris	Morgan
388915111	SamiCoCoPuff	Samantha Blake Cohen
39349894	EricTrump	Eric Trump
25413556	LynnePatton	Lynne Patton
634615393	MarlenaWells	Marlena Wells
378018987	AvivaDrescher	Aviva Drescher
86844359	bhetv	BHE TV
154567275	EricTrumpFdn	The Eric Trump Fdn
42251807	LindsayClubine	Lindsay Clubine
