30039440	goldengirl17	Jodi Golden
804883120193466368	TrumpInaugural	Trump Inauguration
20776147	seanspicer	Sean Spicer
599530439	BetsyDeVos	Betsy DeVos
17685258	parscale	Brad Parscale
793520358511013888	transition2017	Transition 2017
4121225056	CLewandowski_	Corey R. Lewandowski
108471631	MELANIATRUMP	MELANIA TRUMP
471672239	KellyannePolls	Kellyanne Conway
15416505	GovMikeHuckabee	Gov. Mike Huckabee
2856787757	SenJoniErnst	Joni Ernst
620571475	DanScavino	Dan Scavino Jr.
2327983291	Erin_Houchin	Erin Houchin
360395108	MikeGCross	Mike Cross
729676086632656900	TeamTrump	Official Team Trump
75541946	LaraLeaTrump	Lara Trump
475802156	MrsVanessaTrump	Vanessa Trump
245963716	TiffanyATrump	Tiffany Trump
39344374	DonaldJTrumpJr	Donald Trump Jr.
39349894	EricTrump	Eric Trump
52544275	IvankaTrump	Ivanka Trump
25073877	realDonaldTrump	Donald J. Trump
31462230	TonyStewart	Tony Stewart
1510311302	ZixuanWangJake	Zixuan Wang
56467700	JakeMillerNews	Jake Miller
2249759762	JeremyBishop81	Jeremy Bishop
110612380	heisler76	Aaron
723195766425018369	bashirshatara	bashir moris shatara
712346044210790400	LouKyCourtClerk	David L. Nicholson
15572998	mwarner95	mwarner95
4301575462	CurtisHill_IN	Curtis Hill
246871490	marc_lotter	Marc Lotter
27580320	templemarston	Temple Marston
730406952287801344	kevinkruck1	Kevin Kruckeberg
270361524	laelbhill81	Lael Hill
19910847	matthewltully	Matthew Tully
2893314594	joyalex2001	Joy Alexander
14836282	Jim_Banks	Jim Banks
730555430913617920	INMellMG	Millennial Media
377714466	AdamGrabert	Adam Grabert
4883847226	philpeskow	Garyphilip Eskow
3232145409	IndyThisWeek	#IndyThisWeek
55210694	thehoosiergym	The Hoosier Gym
1576362368	Surrisi	Sean Surrisi
67689103	FeedINsHungry	Feeding IN's Hungry
156975310	RobEngstrom	Rob Engstrom
248004817	lees162	Justin Lees
357679155	WGCLradio	WGCL Radio
385466170	JuliePursley6	Julie Pursley
353769001	Z925FM	Z92.5 Kokomo
1656140281	EVSCSuper	Dr. David Smith
2383880370	Ms_Republican	Ms. Republican
1513559976	Kylie_Havens	Kylie Havens
258444099	ConLentz	Connor Lentz
335646392	smilin83	Laura Anderson
26993249	LizCMHill	Liz Hill
232614843	biggestmace	Jeff Mason
532566281	kengladhill	ken
375318174	pcdoepping	charles doepping
867619387	haylard	H
304730891	NathanHrnicek	A Frigid Forage Guy
47471654	The_Birdman_Jr	Tyler Thompson
215381385	lhschip22	Chad Wade
563935127	jessezigg	Jessica Grove
1436518219	ZachMcIlwain	Zach McIlwain
100601141	ECPmarkwilson	Mark Wilson
39263863	JaclynGolds	Jaclyn Goldsborough
19479167	Kylie09	Kylie
43747570	TroySparks	Troy D. Sparks
140269994	theBeutlerdidit	Kyle Beutler
145700169	PastorNici	Nici Moorehead
2483802068	DocODU	Dr.Dowdell-Underwood
92344705	dainintx	Dain Anderson
216446007	ezduzit63	EZ
276598831	heathfire	Tim Heath
2466700417	cisco19481	Kenny Dickerson
91661772	JeffreyMittman	Jeffrey Mittman
2734841971	nawboindy	NAWBO
231584624	khelleyadams	Khelley
12580532	bsudailynews	BSU Daily News
237400313	sshall4	Shannon Hall
1387910149	FredBThird	Fred Brown
40799383	MattOverton_LS	Matt
3064840541	The_TCS	TheCheatSheet
3094919050	RightVoterLLC	RightVoter, LLC
359746028	BekahMackey	Bekah Mackey
325874281	JanilleMyers	Janille Hawkins
2951280353	DamonforMayor	Re-Elect Mayor Welch
1674471775	trayzbrown	Tracy Brown
388601450	BecknerLee	Dennis Lee Beckner
3739974012	GCPDIndiana	GCPDIndiana
95326189	packerann	AnnB
534418964	EvanWest1	Evan West
129207689	scottmccains	Scott McCain
98479035	JeremymPereira	Jeremy M Pereira
4715692053	2016MikeWebbVA8	Mike Webb Now
101521942	PatrickONeill75	Patrick O'Neill
96365478	taylorcarlier	Taylor Carlier
1643563904	seanjohnston150	Sean A. Johnston
2755066963	thefisherbee	Bryan Fisher
19575451	jasonfechner	Jason Fechner
588823637	Aviatrix3	Aviatrix
2227438238	SamLudJDAI	Sam Ludwig
4589763561	idhate_sunil	sunil idhate
3066046581	MKlemannWPD	Mackenzi Klemann
2317414247	ChristinaFNP	Christinafp.
67040939	tonyamharper	Tonya Harper
2939773457	lasombra3200	Michael Di Angelo.AJ
4781179609	DJPatriotinCO	DJ Marks
2635925175	Croweh2o	Tom and Carol Crowe
791402635	brettclark32	Brett Clark
3109427942	Simp_Campaigns	Simplified Campaigns
43247239	SunnyLu23	Sunny Lu Williams
329866616	mikeberg4	Michael Berg
2273348905	lrutschm	Lari
2741286711	ajoeolson	Joey Olson
577205047	christie_hurst	Christie LutherHurst
92212134	BloomingtonChef	Dave Gower
482320081	karringtontrue	Karrington True
4851686041	daveforstaterep	Dave Heine
16637054	AndersonSD	Anderson Schoenrock
4884822399	JuniorRedneck87	Junior the Redneck
40897397	GoodwillKAK	Kent A. Kramer
19180557	drewdaudelin	Drew Daudelin
4883561412	Friends4Coulter	Friends for Coulter
3249294800	MarcoForSenate	FL
2915190325	LoganTreadaway	Logan Treadaway
477311063	2_shanezzzz	Shane Spicer
602083144	tapaddict2014	Jeffrey Bird
4886133714	The_Seventh_Est	The PRL
2920005041	rafmclaughlin	Rafael McLaughlin
13322812	SheridanFolger	SheridanFolger
1559174540	hfdphil280	Philip Scheeringa
48556570	WIGTV	Barney Wood
2192755047	TCPrincipalLong	Mr. Long
36262936	LainieSGP	Lainie Sloane
4700436012	FBrownNBRC_	Fred Brown, NBRC-NY
2617513414	kasten84	bob kasten
707412683109343232	carrolloneal116	Carroll O'Neal
95383781	KhaleejMag	Khaleej Mag
260572639	Rebecky2point0	RJ 
218593742	holiness_reborn	Jason A. Hendricks
4182317895	LaurenJCRC	Lauren Morgan
712768531176230912	Tennessee_Trey	Tennessee Trey
4299129391	revrayritchie	R. Ritchie
40059418	ccnrindy	CJK
20749413	USFCAJessica	USFCAJessica
4853815215	317communitysol	Greg Wilson
4877405667	PusomiErika	Erika Pusomi
2188933394	911WEDM	91.1 WEDM
2779928254	ryan__santiago	Ryan T Santiago
2566004252	AlbertWinks	Albert Winks
3864608359	JurisDoctorUSA	JURISDOCTOR
1296276164	dasey_cust	Casey Dust
16039333	eapenthampy	eapenthampy
127882772	micblank	TheRealMicBlank
4372052914	Musbahkelil	Musbah
1900176302	Politics2XL	Politics Dept 2XL
539170446	TryThinkingRt	Rob Lawson
4731406815	GodsKingdom14	ImmanuelGodwithus
490801231	burnettcollect	Josh Burnett
701896106750439424	XavierGamer101	XavierTheGamer487
2262433706	g_summ300	Garrett Summers
520344924	giulioricci3	giulio  ricci
1570363741	55gamble	otis gamble
3259126782	Daily_GOP_News	
3039687761	doyleWyoungIII	Doyle W. Young III
249644375	JoyASpencer	Joy Spencer
702095828354207745	Merge_Community	Merge COG
860355552	samLbrooks	Samantha Brooks
3643022117	rossi_preissler	Rossi Preissler
4863685750	MyInfomarkb1027	My Info mark b
701812289268088832	fandoms_16	Random_fandoms_16
164431348	MeadHunt	Mead & Hunt
3044558013	IUBowenCtr	Bowen Center
3131180789	CRandolphMPH	Courtney Randolph
40742229	CaraKTVideo	Cara Ball
3677282112	Trump__This	American Citizens
23857219	RettFoster	Rett Foster
3950632453	IndianaCars	Alexa McNeal
483300272	benaboss2	Ben
2222303472	MizzyKosac	Nah fam
2512790359	zoe_gatzimos	zoe
710982128	laniafernatt	lania
829751354	mollygorman989	Molly
2312221826	KaczynskiNicole	Nicole Kaczynski
2422852999	Cfisher242	chris sammons
2192779008	im_not_an_AI	Matt Rzeszutko
3234430449	conservemerica	Common Conservative
780744836	lzimmlive	Lindsey
706989451470213120	HonestElephants	Honest Elephants
809640038	GradyGorason	grady goranson
59108836	sthope	Steve Hope
2589219691	Temtore	Monte Teeeeeee
2805931312	compete48	Mike Hancock
563136381	Iqbal704Javed	Javed Iqbal
351300923	PeterMachinis	Peter Machinis
148969558	NateK15	Nate Kolter
444730848	_Adrian_Ramirez	Adrian Ramirez
344176162	Ryan_ILFB	Ryan Whitehouse
