168674628	SangerNYT	David Sanger
1536791610	POTUS	President Obama
15433452	JenniferJJacobs	Jennifer Jacobs
2195196942	RMFlannery	Robert M. Flannery
70771229	ThomasARoberts	Thomas Roberts
17827531	eyokley	Eli Yokley
258885469	nickconfessore	Nick Confessore
31553657	sleavitt00	Shawn Leavitt
260948231	noahoppenheim	Noah Oppenheim
242872360	MorrellGeoff	Geoff Morrell
14844867	amandacarpenter	Amanda Carpenter
33919343	AshleyRParker	Ashley Parker
14842061	marykissel	Mary Kissel
21816149	nancykaffer	Nancy Kaffer
115749048	SecretService	U.S. Secret Service
335996055	PentagonPresSec	Peter Cook
39000115	KatyTurNBC	Katy Tur
281523358	sky_cowans	Sky Cowans
347308512	dianesmithmedia	diane smith
7848802	thegarance	Garance Franke-Ruta
21212087	Olivianuzzi	Olivia Nuzzi
14135350	biannagolodryga	Bianna Golodryga
4047946294	DuckyCarlie	Ducky
87098546	LesliePicker	Leslie Picker
23095461	OliviaSterns	Olivia Sterns Walton
76966092	johnrampton	John Rampton
743066030	HubJHU	The Hub
31540671	foxnewsalert	Fox News Alert
621533	BBCPolitics	BBC Politics
1367531	FoxNews	Fox News
25562002	ReutersPolitics	Reuters Politics
16032925	foxnewspolitics	Fox News Politics
510526745	breakingpol	Breaking Politics
87818409	guardian	The Guardian
16973333	Independent	The Independent
788524	guardiannews	Guardian news
1877831	nytimesworld	New York Times World
2097571	cnni	CNN International
14173315	NBCNews	NBC News
14293310	TIME	TIME
759251	CNN	CNN
3349887339	emilie_hoffer	Emilie Hoffer
3323113712	ginagastonelie	ginagaston
35915599	_WMMedia_	Working Mother Media
1260200102	SheLeadsIt	She Leads
138281690	Tlcfound	TLCF
285681923	everymomcounts	Every Mother Counts
571202103	Medium	Medium
18438514	kathygroob	Kathy Groob
65691824	CarlyFiorina	Carly Fiorina
1707321486	madeleine	Madeleine Albright
14361155	Refugees	UN Refugee Agency
22679783	UNRefugeeAgency	USA for UNHCR
106710288	acampbell68	campbell 
19074134	marieclaire	Marie Claire
105018139	MollyBSims	Molly Sims
13524182	daveweigel	Dave Weigel
5695632	BuzzFeed	BuzzFeed
14441010	JohnsHopkins	Johns Hopkins U.
30308799	RashnaS	Rashna Shetty
304013617	mariagronda	Maria Gronda
1947301	thenation	The Nation
15667291	BillMoyersHQ	BillMoyers.com
16369150	columbiajourn	Columbia Journalism
39879120	SaraEisen	Sara Eisen
14124083	MediaWeek	Campaign: Media
787373558	RepCummings	Elijah E. Cummings
31122582	OversightDems	House OversightDems
1284011834	IanBrzezinski	Ian Brzezinski
30205586	Adweek	Adweek
264314326	Lindsay_Blanton	Lindsay Blanton
77615964	JHUNewsLetter	JHU News-Letter
48794719	jhuorientation	JHU Orientation
2591748418	morningjoemusic	morningjoe music
1917731	thehill	The Hill
14377605	TheDemocrats	The Democrats
939091	JoeBiden	Joe Biden
1093090866	FLOTUS	The First Lady
813286	BarackObama	Barack Obama
1330457336	billclinton	Bill Clinton
1339835893	HillaryClinton	Hillary Clinton
57431229	DennisHouseWFSB	Dennis House
127716939	karasundlun	Kara Sundlun
78699094	dansenor	Dan Senor
1135388684	Psaki44	Jen Psaki
47957440	paulabroadwell	Paula Broadwell
2393015245	Scarborough2016	Run Joe Run!
1283718055	GinaGaston13	Gina Gaston
108617810	DanaBashCNN	Dana Bash
18568825	arbitrix	Liesl Schillinger
76209433	srwestin	Sherrie Westin
32228213	gracoutreach	margaret grace
1881244404	derrickdkitts	Derrick Kitts
17976923	cathymcmorris	CathyMcMorrisRodgers
353737617	SallieKrawcheck	Sallie Krawcheck
16096416	VogueParis	Vogue.fr
54203238	StylistMagazine	Stylist Magazine
14380805	MadelinePeters	Madeline Peters
27973524	alicetweet	Alice Stewart
48144950	JudyWoodruff	Judy Woodruff
20117790	JoannaColes	joanna coles
21411381	kellywallacetv	Kelly Wallace
34228779	milesnadal	Miles S. Nadal
18771370	ErikWemple	ErikWemple
15433331	leighgallagher	Leigh Gallagher
19196615	PageSixEmily	Page Six Emily
1115205235	TheDTully	Dan Tully
50011708	margbrennan	margaret brennan
49204865	BrookeBCNN	Brooke Baldwin
15535510	DavidWestin	David Westin
20109439	KateBolduan	Kate Bolduan
15750667	davidgrayrhodes	David Rhodes
1491876301	thirdmetric	Third Metric
15519766	janestreet	Jane C. Timm
18334825	BazaarUK	Harper's Bazaar UK
8383592	Poynter	Poynter
63004503	mlcalderone	Michael Calderone
17304433	laurakim	laura kim
622024793	ValeriePlame	Valerie Plame Wilson
18452614	JeanChatzky	Jean Chatzky
8794022	InsideCableNews	InsideCableNews
116763916	JeffDSachs	Jeffrey D. Sachs
108968664	sebastianjunger	Sebastian Junger
14511951	HuffingtonPost	Huffington Post
8936082	Gawker	Gawker
19784831	wwd	WWD
428333	cnnbrk	CNN Breaking News
37667472	GeoScarborough	George Scarborough
105790768	kespns	Kim Stafford
456806128	BuzzFeedPol	BuzzFeed Politics
99786592	JazzShaw	Jazz Shaw
180505807	instagram	Instagram
21148783	RuthMarcus	Ruth Marcus
43963249	HouseDemocrats	House Democrats
55009164	campbell_brown	Campbell Brown
48716484	delia_hayes	delia hayes
15007149	JohnKerry	John Kerry
833485860	EakinErlacher	Laura Eakin Erlacher
15692086	cindi_leive	Cindi Leive
831641257	ABC7NYNewsDesk	ABC7NY NewsDesk
284991184	arobach	Amy Robach
1967216306	statedeptspox	John Kirby
14130784	randizuckerberg	Randi Zuckerberg
601142193	emcass96	Emily Cassidy
43996908	KattyKayBBC	Katty Kay
16400030	TiVo	TiVo
16691049	kathyireland	kathy ireland
93957809	ericschmidt	Eric Schmidt
760602740	PatFili	Pat Fili-Krushel
17503180	marissamayer	marissamayer
134826398	ksheekey	Kevin Sheekey
64857643	jeffreytambor	Jeffrey Tambor
29465136	Mediaite	Mediaite
12901712	bchesky	Brian Chesky
14348157	crampell	Catherine Rampell
1135965487	mynewyorkerpets	MY NEW YORKER  PETS
502281810	OfficialJLD	Julia Louis-Dreyfus
247323151	bshactman	Brian Shactman
15754281	USATODAY	USA TODAY
423631401	IgnatiusPost	David Ignatius
59598458	justbobbibrown	Bobbi Brown
6577642	usnews	U.S. News
25589776	people	People Magazine
243327564	TODAYshowHealth	TODAY Wellness
18028893	JesseRodriguez	Jesse Rodriguez
554119845	LauraDimon	Laura Dimon
40327760	PortiaYoung	Portia Young
2836421	MSNBC	MSNBC
54426047	Fonstermonster	Joseph Fons
4278201	Mediabistro	Mediabistro
757303975	ChelseaClinton	Chelsea Clinton
1115348904	zbig	Zbigniew Brzezinski
1128341778	Ebbtrees	Emilie Brzezinski
255109294	Evins	Sean Evins
25321854	hodakotb	Hoda Kotb
56700964	richardwolffedc	Richard Wolffe
409486555	MichelleObama	Michelle Obama
16894675	BrianBalthazar	Brian Balthazar
114547989	stefcutter	Stephanie Cutter
733751245	PRyan	Paul Ryan
555176526	BethMyers2012	Beth Myers
595515713	vj44	Valerie Jarrett
277165873	NMoralesNBC	Natalie Morales
110445334	megynkelly	Megyn Kelly
245744889	AlekDebicz	Aleksander Dbicz
38487892	ggitcho	Gail Gitcho
21256943	SarahSFrench	Sarah French
15097615	hilaryr	Hilary Rosen
263758909	AnnDRomney	Ann Romney
322603418	ErinBurnett	Erin Burnett
18067335	mattstrawn	Matt Strawn
14246001	mikeallen	Mike Allen
29555251	mariamenounos	maria menounos
48802204	HardballChris	Chris Matthews
27085401	LeeMWoodruff	Lee Woodruff
23176276	MeghanMcCain	Meghan McCain
19394188	SenJohnMcCain	John McCain
17293897	BorowitzReport	Andy Borowitz
342803375	tombrokaw	Tom Brokaw
266830495	BobCusack	Bob Cusack
