133880286	LeoDiCaprio	Leonardo DiCaprio
799764016885329921	stevenmnuchin1	Steven Mnuchin
18653444	donnakatz1	Donna Katz Basso
82447359	ScottBaio	Scott Baio
82432490	MrsScottBaio	Renee Baio
23783240	CanningAndrea	Andrea Canning
259001548	kayleighmcenany	Kayleigh McEnany
29458079	JudgeJeanine	Jeanine Pirro
15438913	MailOnline	Daily Mail Online
111556423	DailyMailUK	Daily Mail U.K.
380285402	DailyMail	Daily Mail US
2314391886	TrumpDC	Trump Washington DC
720293443260456960	Trump	Trump Organization
27915028	antoniosabatojr	Antonio Sabto Jr
14836197	usopen	US Open Tennis
471672239	KellyannePolls	Kellyanne Conway
22203756	mike_pence	Mike Pence
166990746	MonicaCrowley	Monica Crowley
271292940	EvaShockey	Eva Shockey-Brent
110445334	megynkelly	Megyn Kelly
25429371	KatrinaPierson	Katrina Pierson
3108351	WSJ	Wall Street Journal
22055109	SteveDoocy	Steve Doocy
372286969	EDIE_PARKER	EDIE PARKER
41634520	seanhannity	Sean Hannity
1447250179	bobwrightnbc	Bob Wright
196168350	AnnCoulter	Ann Coulter
2908170952	DiamondandSilk	Diamond and Silk
232268199	NYGovCuomo	Andrew Cuomo
4121225056	CLewandowski_	Corey R. Lewandowski
27042513	RealHughJackman	Hugh Jackman
361342191	OutFrontCNN	OutFrontCNN
322603418	ErinBurnett	Erin Burnett
4764686473	KeithSchiller45	Keith Schiller
620571475	DanScavino	Dan Scavino Jr.
16869718	johnrich	John Rich
2813604714	TrumpFerryPoint	Trump Ferry Point
3241403147	DrLHazzouri	Dr. Lauren Hazzouri
14364779	CallawayGolf	Callaway Golf
119157187	TrumpWaikiki	Trump Waikiki
2325495378	TrumpGolf	Trump Golf
249743691	Transcend_Music	Transcendental Music
39842430	meditationbob	Bob Roth
39228633	mindspaceuk	Meditation
98561160	TMmeditation	TM Meditation
962230399	SoulCycleBike	The SoulCycle Bike
16205428	cowboytroy	cowboytroy
47720230	JeffGordonWeb	Jeff Gordon
49153854	NASCAR	NASCAR
2484717799	TheDishh	The DISHH
16715398	ABC7NY	Eyewitness News
121721625	TrumpDoonbeg	Trump Doonbeg
30973	Starbucks	Starbucks Coffee
135283057	Magnatiles	Magna-Tiles
776699401	IvankaJewelry	Ivanka Trump
474989905	TrumpModels	Trump Models
485191676	ReebokCrossFit5	ReebokCrossFit5thave
834281252	CrossFit	CrossFit
1273104565	tcolmocallaghan	Colm O'Callaghan
1554111290	SixteenChicago	Sixteen at Trump
38241001	JuiceGeneration	Juice Generation
1265452904	TrumpNationalNY	Trump Westchester
25365536	KimKardashian	Kim Kardashian West
11856932	DatelineNBC	Dateline NBC
18812572	60Minutes	60 Minutes
361400752	trumpwinery	Trump Winery
49035989	soulcycle	SoulCycle
835721828	TrumpTower	Trump Tower New York
63796828	verified	Twitter Verified
633797941	TrumpDoral	Trump National Doral
19956026	elvisduran	Elvis Duran
43435902	NY1weather	NY1 Weather
52136185	MichaelCohen212	Michael Cohen
261014695	LGlick1	Larry Glick
331057915	EliteDaily	Elite Daily
397015613	Marytcantwell	Mary Cantwell
629673944	eyeonglam	EyeOnGlam
36734275	StephenBaldwin7	Stephen Baldwin
187318645	WetpaintTV	Wetpaint
17086831	Todaysparent	Today's Parent
9893662	recalls	recalls
1769551	NYTHealth	NYT Health
21053475	PEOPLEbabies	People Babies
114685387	DavidRoads	Motivational Quotes
17446621	THR	Hollywood Reporter
80830914	CelebStyleGuide	CelebrityStyleGuide
102508723	Life_and_Style	Life & Style
22179997	e_entertainment	E! Entertainment
15513604	foxandfriends	FOX & friends
1367531	FoxNews	Fox News
31540671	foxnewsalert	Fox News Alert
608504007	ElmoJRinaldi	Elmo Rinaldi
8036392	NBCNewsUS	NBC News US
77888423	OMGFacts	OMG Facts
562338854	WTFFacts	WTF Facts 
2883841	enews	E! News
142411092	nydailyquote	NY Daily Quote
23614207	TheInsider	The Insider
95023423	UberFacts	UberFacts
108471631	MELANIATRUMP	MELANIA TRUMP
169291609	Epic_Women	Epic Women
22256645	GreatestQuotes	Great Minds Quotes
4101221	thalia	Thalia
11857072	msnbc_breaking	msnbc.com Breaking
9300262	politico	POLITICO
16027638	HuffPostCeleb	HuffPost Celebrity
35449630	thehuffpost_	The Huffington Post
515987506	GlamourGirlRule	GlamourGirlRule
742143	BBCWorld	BBC News (World)
102427898	LizzieGrubmanPR	LizzieGrubmanPR&MGMT
20012204	usweekly	Us Weekly
139986343	Sports_HQ	Sports Motivation
15639784	Hollyscoop	Obsev Entertainment
16331010	TMZ	TMZ
118857505	e_FashionPolice	Fashion Police
375721095	Breaking911	Breaking911
28562317	sternshow	Stern Show
129845242	Inspire_Us	Inspirational Quotes
128472974	FamousWomen	Inspirational Women
184890642	TrumpNewYork	Trump New York
19542638	LisaLampanelli	Lisa Lampanelli
46258868	SteveLevinePR	Steven Levine
179445240	BoutiqueFemmes	Women's Handbags
311095986	roedigerj	Joe Roediger
48223726	TrumpChicago	Trump Hotel Chicago
67119128	TrumpHotels	Trump Hotels
20535237	TrumpSoHo	Trump SoHo
72598780	Gilt	Gilt.com
39344374	DonaldJTrumpJr	Donald Trump Jr.
182107650	PageSix	Page Six
15738599	observer	OBSERVER
216299334	piersmorgan	Piers Morgan
154567275	EricTrumpFdn	The Eric Trump Fdn
759251	CNN	CNN
18506789	new_york_post	New York Post
428333	cnnbrk	CNN Breaking News
19851111	PatrickMcMullan	Patrick McMullan
25589776	people	People Magazine
24617301	JoshuaKushner	Joshua Kushner
19329393	PerezHilton	Perez Hilton
27098063	LoisWeiss	Lois Weiss
26585095	nbc	NBC
46627530	rosannascotto	Rosanna Scotto
245963716	TiffanyATrump	Tiffany Trump
206998507	itsmarlamaples	marla maples
75541946	LaraLeaTrump	Lara Trump
25073877	realDonaldTrump	Donald J. Trump
18456892	bretmichaels	Bret Michaels
14266331	autismspeaks	Autism Speaks
190360052	CelebApprentice	Celebrity Apprentice
9624042	StJude	St. Jude
246481013	HowardStern	Howard Stern
6017542	BreakingNews	Breaking News
25413556	LynnePatton	Lynne Patton
29547260	jaredkushner	Jared Kushner
17469289	nypost	New York Post
39349894	EricTrump	Eric Trump
38471535	AmandaTMiller	Amanda Miller
21920965	ApprenticeNBC	#CelebApprentice
52544275	IvankaTrump	Ivanka Trump
