3623456535	highbarshirtco	High Bar Shirt Co
1066737326	TheKIDDpicks	The KIDD
18313747	HARRISFAULKNER	HARRISFAULKNER
36397873	FoxNewsResearch	Fox News Research
396704627	EboniKWilliams	Eboni K. Williams
110213431	jorgeramosnews	JORGE RAMOS
147725246	FoxNewsInsider	FoxNewsInsider
18916432	SpeakerRyan	Paul Ryan
28628850	greggutfeld	GregGutfeld
25101996	kimguilfoyle	Kimberly Guilfoyle
36452050	AndreaTantaros	Andrea Tantaros
3302980575	BGSgroupMS	BGS Group
110445334	megynkelly	Megyn Kelly
25073877	realDonaldTrump	Donald J. Trump
374237792	LeaFOXNews	Lea Gabrielle
27311044	DanaPerino	Dana Perino
14940354	nycjim	Jim Roberts
14839147	ericbolling	Eric Bolling
15731368	HowardKurtz	HowardKurtz
111400999	JaniceDean	Janice Dean
169203819	ShepNewsTeam	Shepard Smith
208155240	MariaBartiromo	Maria Bartiromo
1468278608	FNReporting	Fox News Reporting
56561449	jessebwatters	Jesse Watters
14335880	KirstenPowers	Kirsten Powers
166990746	MonicaCrowley	Monica Crowley
112047805	brithume	Brit Hume
28350927	Stratfor	Stratfor
107125748	fxnopinion	Fox News Opinion
19553409	Rasmussen_Poll	Rasmussen Reports
15513604	foxandfriends	FOX & friends
18646108	BretBaier	Bret Baier
16031927	greta	Greta Van Susteren
15580381	NFredman	Nate Fredman
14924233	AlanColmes	Alan Colmes
26487169	LouDobbs	Lou Dobbs
46176168	MajorCBS	Major Garrett
41402405	JulietHuddyTV	Juliet Huddy
50769180	IngrahamAngle	Laura Ingraham
26350255	LeslieMarshall	Leslie Marshall
14331688	ClaytonMorris	Clayton Morris
21010214	BillHemmer	Bill Hemmer
27382597	BernardGoldberg	Bernard Goldberg
37764422	foxnation	Fox Nation
28264799	LisWiehl	Lis Wiehl
29216764	Judgenap	Judge Napolitano
20068679	marclamonthill	Marc Lamont Hill
18791763	KarlRove	Karl Rove
4923811	mkhammer	Mary Katharine Ham
