758628762258927616	ourrachblogs	Rachel Hawkins
928488518	GrumpyLGoodman	Len Goodman
3911239745	ThePerezHilton	Perez
19329393	PerezHilton	Perez Hilton
422480268	AftonMcKeith	Afton McKeith
14230524	ladygaga	xoxo, Joanne
195814782	themichaelcaine	Michael Caine
789918724329500672	AidBTW	Aid Behind The Wire
55788934	JetJennings	Keaton Jennings
202101316	AngelaHartnett	Angela Hartnett
3587857222	DominicJMohan	Dominic Mohan
869825995	johnpilger	John Pilger
352259625	RoxannePallett	Roxanne Pallett
32453930	TigerWoods	Tiger Woods
46335511	Trevornoah	Trevor Noah
213969309	LewisHamilton	Lewis Hamilton
4894738653	JohnSimpsonNews	John Simpson
107735275	MissMariaKouka	Maria Kouka
234053160	MickJagger	Mick Jagger
19570075	grynbaum	Mike Grynbaum
2566915579	sarahsaint16	Sarah Newett
520600001	Annabel_Croft	Annabel Croft
1084375028	JasonMillerinDC	Jason Miller
20763821	ragehomaar	Rageh Omaar
20632700	LeighFrancis	Leigh Francis
347959437	FelicityMorse	Felicity Morse
2500955780	VVSLaxman281	VVS Laxman
715124802	MrDDyer	Danny Dyer
334565594	lemontwittor	Keith Lemon
337327788	thebodycoach	The Body Coach
793231366381010944	charloutoe	Charlotte Tomlinson
155642429	chris_kammy	Chris Kamara
127134715	Saqib_Majeed	Saqib Majeed
19017675	Nigel_Farage	Nigel Farage
4121225056	CLewandowski_	Corey R. Lewandowski
20733972	Reince	Reince Priebus
130450421	steve_hewlett	Steve Hewlett
718825019942563840	David215Gower	David Gower
2286818349	HaseebHameed97	Haseeb Hameed
12426332	zwillenberg	Paul Zwillenberg
797077216605642752	MNDGlitterBall	MNDGlitterBall
87216480	CEO4TAG	Steve Parish
626512971	collins_ink	Laura Collins
2964909891	ec_ingram	Emily Ingram
82097756	JamesBlunt	James Blunt
108471631	MELANIATRUMP	MELANIA TRUMP
615443591	PeteWilliamsNBC	Pete Williams
50709355	TrevorImmelman	Trevor Immelman
61734492	Fahrenthold	David Fahrenthold
260909618	SalonBenjamin	BENJAMIN
471672239	KellyannePolls	Kellyanne Conway
19697415	billmaher	Bill Maher
107017176	eyespymp	Eye Spy MP
266894776	AJDelgado13	A.J. Delgado
20787137	Mike_Batt	Mike Batt
152656121	mrjamesob	James O'Brien
234344628	officialkeith	KEITH DUFFY
69181624	camanpour	Christiane Amanpour
849994220	MattFitz94	Matt Fitzpatrick
18370802	cutmaker	Cutmaker
3021687670	BeefGolf	Andrew'BEEF'Johnston
70511174	Hadas_Gold	Hadas Gold
20939312	dollyalderton	Dolly H Alderton
22263162	PINsykes	Pandora Sykes
329918652	robertmooreitv	Robert Moore
211994193	RuthDavidsonMSP	Ruth Davidson
26985345	paulwaugh	Paul Waugh
269882698	TVsPointless	Pointless
845149392	laythy29	Layth
19704854	chrisevans1	Chris Evans
18774246	Baddiel	David Baddiel
225540924	melkneee	Melanie Kyle
780518193731407874	imseanpenn	Sean Penn
1080322166	RobertBathurst	Robert Bathurst
21998121	Annemariealex	Anne Alexander
112047805	brithume	Brit Hume
506433120	mrjakedwood	Jake Wood
2220024959	Misskeeleyhawes	Keeley Hawes
213623352	AP_McCoy	AP McCoy
1062817489	TVRav	Rav Vadgama
18949349	SophyRidgeSky	Sophy Ridge
1652675850	GriffinInnPub	The Griffin Inn
309133460	ECavaniOfficial	Edi Cavani Official
359312449	BenDuckett1	Ben Duckett
83081821	paulhaskellhair	paulhaskell
313961447	ilporticolondon	James Chiavarini
39344374	DonaldJTrumpJr	Donald Trump Jr.
19341887	skysarahjane	Sarah-Jane Mee
468703125	mikemulvihill1	mike mulvihill
71543212	Martha_Gill	Martha Gill
144112800	almurray	Al Murray the318
240805585	StevePenk	Steve Penk
24363114	SkySportsJules	Julie Collier
479680895	FrankBarrettMoS	Man In A Suitcase
2479762453	TakiHighLife	Taki
121457796	SunriseIsabel	Isabel Webster
636897310	AShulman2	Alexandra Shulman
3234187064	gqcreative	Paul solomons
237298857	Liza_webb	Liza Webb
171682388	bellahadid	Bella Hadid
138166008	theashleygraham	Ashley Graham
2584428931	kelly_rohrbach	Kelly Rohrbach
88197046	missmcollins	Michelle Collins
1283775062	MatthewBarzun	Matthew Barzun
14856951	USAinUK	U.S. Embassy London
16708655	edballs	Ed Balls
2654882033	MustafiOfficial	Shkodran Mustafi
2870653293	susie_dent	Susie Dent
2214854612	LP10oficial	Lucas Prez
22248633	katealexander78	Kate Alexander
20467609	CharlieWyett	Charlie Wyett
50684862	BumbleCricket	David 'Bumble' Lloyd
746289370022445057	realDanWagner	Dan Wagner
24155245	TimesMagazine	Times Magazine
25844225	cbrennansports	Christine Brennan
16618503	RoyPrice	Roy Price
2195241	fmanjoo	Farhad Manjoo
2303751216	FiveThirtyEight	FiveThirtyEight
30699754	rcallimachi	Rukmini Callimachi
249154446	DarrenClarke60	Darren Clarke
135872709	onebiggins	Christopher Biggins
358566293	mkonnikova	Maria Konnikova
122533830	PattyArquette	Patricia Arquette
69610339	robbiewilliams	Robbie Williams
24741517	NicoleScherzy	Nicole Scherzinger
158899570	AirlieWalsh	Airlie Walsh
69970838	EricWynalda	Eric Wynalda
224652605	ben_briscoe	Ben Briscoe
755886754180243456	carlbernstein	Carl Bernstein
122102659	JulesBiscuit	Julie Bissett
196168350	AnnCoulter	Ann Coulter
158504465	Cod_Rob	Colin Robertson
160952087	NicolaSturgeon	Nicola Sturgeon
65992743	lindsaylohan	Lindsay Lohan
747807250819981312	theresa_may	Theresa May
60886384	Kevin_Maguire	Kevin Maguire
278175819	Robbie9Fowler	Robbie Fowler
241188067	tessasanderson	Tessa Sanderson CBE
1496409588	lloydjones33	Lloyd
22146373	SamCoatesTimes	Sam Coates Times
62123765	DPJHodges	(((Dan Hodges)))
14072907	joeyfjones	Joey Jones
16139649	montie	Tim Montgomerie 
305694283	MargotRobbie	Margot Robbie
592795820	MattHermer	Matt Hermer
17831767	ljayes	Laura Jayes
100216266	IanKearney	Ian Kearney
77299847	JosieCox_London	Josie Cox
403761570	JananGanesh	Janan Ganesh
746780332008087553	VinnieJones65	Vinnie Jones
5838002	IainDale	Iain Dale
407691446	DaynaSpringett	Dayna May
93891208	rihbd	Robin Dyer
203055763	Oliver_Cheshire	Oliver Cheshire
19043108	craigmmullaney	Craig Mullaney
404886694	nicolamen	nicola mendelsohn
20670591	Janeyspoon	Jane Witherspoon
47363263	KimCattrall	Kim Cattrall
168343491	JulieSnook	Julie Snook
561968137	RebekahVardy	Rebekah Vardy
138168086	Karen_Pickering	Karen Pickering MBE
297710241	HogieDave	Dave Hogan
2885512455	DoubleDutchMix	Double Dutch Drinks
270285452	KatyWick	Katy Wickremesinghe
245944941	ewanventers	Ewan Venters
2401865742	WilneliaForsyth	Wilnelia Forsyth
201231272	tmills15	Tymal Mills
45022448	jimmy9	James Anderson
367913844	ZinzanBrooke8	Zinzan Brooke
14138785	TelegraphNews	Telegraph News
134890381	WellingtonUK	Wellington College
494798117	TheRoyalWelsh	The Royal Welsh
3247497561	alanshearer	Alan Shearer
207397804	WalkerSkyNews	Amanda Walker
14811775	The_RHS	The RHS
60784832	GabbyBraca	Gaby Braca
340861085	gcoetzeegolf	George Coetzee
1436525376	beth88butler	Beth Butler
461922813	Ibra_official	Zlatan Ibrahimovi
634724263	jadescipioni	Jade
88598283	overnightstv	Overnights.tv
439200578	CABBSTUART	STUART CABB
41789217	plumpictures	Plum Pictures
44101412	ThisisDavina	Davina McCall
19397942	SadiqKhan	Sadiq Khan
434979581	HelenHandMakeUp	Helen Hand
1638350526	MrMBrandon	Michael Brandon
709863948686909441	pestononsunday	Peston on Sunday
76351820	louistheroux	Louis Theroux
38439591	andreasmetaxa	Andreas Metaxa
425769749	BMWPGA	BMW PGA Championship
366836810	DavidWalshST	David Walsh
931551151	AnonguIkyase	ikyase anongu
850966537	DaisyBCreations	Daisy B Creations
744937848	SimonCotton5	Simon Cotton
46017944	CharleneWhite	Charlene White
224659331	Tyson_Fury	GYPSYKING
162818448	mrdanielr	Daniel Robinson
188819322	MartinGayford	Martin Gayford
2585396407	Carra23	Jamie Carragher
