720293443260456960	Trump	Trump Organization
2325495378	TrumpGolf	Trump Golf
245963716	TiffanyATrump	Tiffany Trump
50769180	IngrahamAngle	Laura Ingraham
22203756	mike_pence	Mike Pence
729676086632656900	TeamTrump	Official Team Trump
14669951	DRUDGE_REPORT	DRUDGE REPORT
475802156	MrsVanessaTrump	Vanessa Trump
75541946	LaraLeaTrump	Lara Trump
41634520	seanhannity	Sean Hannity
37764422	foxnation	Fox Nation
4121225056	CLewandowski_	Corey R. Lewandowski
196168350	AnnCoulter	Ann Coulter
2908170952	DiamondandSilk	Diamond and Silk
34852681	KatrinaCampins	KATRINA CAMPINS
25429371	KatrinaPierson	Katrina Pierson
52136185	MichaelCohen212	Michael Cohen
15513604	foxandfriends	FOX & friends
108471631	MELANIATRUMP	MELANIA TRUMP
246500501	GeraldoRivera	Geraldo Rivera
14839147	ericbolling	Eric Bolling
316865635	MarkBurnettTV	Mark Burnett
26829777	garyplayer	Gary Player
1222639789	VinceMcMahon	Vince McMahon
620571475	DanScavino	Dan Scavino Jr.
119157187	TrumpWaikiki	Trump Waikiki
633797941	TrumpDoral	Trump National Doral
726414091	TrumpCharlotte	Trump Charlotte
82504071	TrumpLasVegas	Trump Vegas Hotel
48223726	TrumpChicago	Trump Hotel Chicago
1013672084	TrumpGolfDC	Trump Washington DC
29562422	TrumpGolfLA	Trump Los Angeles
39349894	EricTrump	Eric Trump
18227519	morningmika	Mika Brzezinski
21619519	JoeNBC	Joe Scarborough
23970102	oreillyfactor	Bill O'Reilly
16031927	greta	Greta Van Susteren
216299334	piersmorgan	Piers Morgan
39344374	DonaldJTrumpJr	Donald Trump Jr.
52544275	IvankaTrump	Ivanka Trump
