539277412	HuntsmanMame	Mary Anne Huntsman
531627880	HuntsmanAbby	Abby Huntsman
17546958	weeklystandard	The Weekly Standard
50836292	Fingersflying	El Floyo
554335063	RightWingArt	RightWingArt
940368062	RedNationRising	RedNationRising
122455671	TeaPartyOrg	Tea Party
16366471	TeaPartyExpress	Tea Party Express
20545835	newsmax	Newsmax
14730894	FreedomWorks	FreedomWorks
28614262	townhallcom	Townhall.com
785907061800349696	deplorablechcki	chcki 
39189100	KrisWilliams	Kris Williams
786657812172705793	trump20164prez	Trump Force One
748684379015245824	Krisp_y	KP
764915105742151680	liz_yatessaint1	AMERICANTRUMP
804388163024289792	JustJenLive	Jen Buzzelli
794191075397304320	RedefinedRight	Lori
41009501	cdwheeler1010	Cheri_GiGi_Wheeler
799663027389771777	tovar_tovar5	Delia Tovar
23564447	HillRUN86	Hillary C.
1602462715	Kimberl05453181	Kimberly OfSarcasm
2761005397	Wojo013	Rich Wojtala
779525392411553792	Jeffreyuhler1	kes722
795634753764397056	JasminG41429764	Jasmin Garcia
2568407995	Cailin4Assange	Cailin4Trump
2296316759	TheEmp1re48	Jonathan Sopkanich
72898476	Jmylea1	Jamie Murphy
4827445527	BeerBoness	Tyler B
349795261	_texaz	m.j. farmer
4439312664	stephanie5_m	StephanieM
371307697	JennyRussellAJB	God Empress Jenny
704006510523904000	vox4america	Trish 
757731953281904640	SLandinSoCal	SL
274316654	BrittPettibone	Brittany Pettibone
1369895352	LeeAnnMcAdoo	Lee Ann McAdoo
1244877632	margaretjhowell	Maggie
780564432552206336	NicolePettibone	Nicole Pettibone
279134171	MyPresidentme	Pro-Lifer For Trump
4881996747	newhorizons777	NewHorizons
465309260	courtney72288	Courtney
4572991823	BillyJrPatriot	Billy Jr
748878246	bsjbrenda	Brenda
248921706	havanadc	Gian Garcia
2919208912	drdebdrdeb	Dr Deb
4745975600	2kshw5678	KelliGirl
1474796768	WillysBaldSpot	Deplorable_J_M_C
3296341838	DTRUMP4PREZ	WeNeedTrump
3284780220	angeloftruth11	TRUMP2SaveUSA
3384262751	jewsfortrump	Jews For Trump
3307240339	Jews4Trump	Jews 4 Trump
3352802865	latinos4Trump	Latinos4Trump
54159671	VickyBrush	Vicky FR Trump
3383049855	Kotcha301	Kotcha   #MAGA
63228779	DefendingtheUSA	DefendingtheUSA
449110269	amrightnow	American Right Now
199909211	trebortwo	PRESIDENT TRUMP
3184471478	RichardTBurnett	PresidentTrump
3308560736	vivelafra	ViveLaFrance
825501626	VivaLaAmes	Amy Moreno
2834620568	JBaker31826004	Time to #MAGA
726857588168638467	movement_trump	The Trump Movement
4914539795	DaysOfTrump	Days Of Trump
704017048792268800	ThankYouDonald	TrumpAlwaysWins
703990775223169025	iowa_trump	Deplorable FOR TRUMP
1849938847	Trump4Hope	DEPLORABLE JESSICA
713220523677892608	TrumpForVets	Trump For Vets
4105765714	greeneyes0084	Russian Agent Robin
712345632753762305	TrumpGirll2016	#BuildTheWall
14246001	mikeallen	Mike Allen
9532402	BuzzFeedBen	Ben Smith
784924761541312513	Redhead196749	Tonya Davis
2788358317	vick43635607	Veronica
2396867761	MarieLeff	Marie
41524911	Catherine_Rossi	Catherine Rossi 
491719838	TPUSA	Turning Point USA
292929271	charliekirk11	Charlie Kirk
786590507287744513	austinntx2016	MakeAmericaFairAgain
946137247	RedMeatMonday	RedMeatMonday 
782925339726970880	dont_be_dumb_	America First 
1909451209	lmlastla	I have Angels
1025155417	jmamakincat	deplorable jemcat
36252052	HerbalGoddess	Be Pure
5880102	rabuliz	Rabuliz
99565367	nocturnalblink	Rod Ridgling
2683930645	JohnnyBelinda1	 Belinda 
30215011	ninacollette	Faith In Karma 
394260665	TweetingYarnie	Barbara Ann
799148991120228353	roserees805	 Deplorable Rose
1015242782	LbenzieRaso	LoriR
796974119531126784	KundertLorin	Lorin
43989500	tofun4life	Tracy Nemoto
3224770968	karenkaee	Txbaebe
403212778	hellofrompilar	Pilar Mac Daniel
21316253	ZekeJMiller	Zeke Miller
399745111	HorseShort	Sam 
3320482892	SG4DT	Sara Galliano
3433043523	wrmilligan	r 
3306240758	MalsLAW	Merry Christmas !
3449429727	truckinfortrump	Truckin For Trump
3389896283	PugsForTrump	Pugs for Trump 2016
3387878543	karenmcallier	America1st MAGA
3329834421	ForTrump	PRESIDENT Trump
3293741005	David360NC	David 4 Trump USA
3337133659	Trump_time	OKLAHOMA FOR TRUMP
3744122597	sme4201968	William Sammons
3836008983	PlaysTrumpCard	PlayTheTrumpCard
22936237	Carolde	Carol
3711628096	KazmierskiR	Rhonda Kazmierski
88550047	rescuetracker81	Gab.ai/Carole
4430503527	TrumpPenceUSA1	Deplorable Kim
3270559782	MONAKatOILS	HesMyPresident
2892800704	MamaReg2	  MamaReg
2822868409	noblebarnes87	BB-KGB Brainwashed
4871961853	Mrsmmtbeauty	MMTCHICK
3257146604	tponews	MT Gilbert
2365144826	GopAaron	Deplorable Aaron 
3974665634	USAneedsTRUMP	Russ.HackerLil Trump
24209685	ScottDimmich	Scott Dimmich
32920510	m_sheldon	Mark Sheldon
20607105	johnfayman	John Fay
21418186	LanceMcAlister	Lance McAlister
22176791	MoEgger1530	Mo Egger
90292516	LndsPatterson	Lindsay Patterson
1717578324	MsRachelElliot	Rachel Elliot
21245184	MichelleBouts	Michelle Boutillette
28459953	cincywxpro	James Patterson
23064098	JohnGumm	John Gumm
114455520	Bob_Herzog	Bob Herzog
21126909	SheilaGrayTV	Sheila Gray
21127271	FOX19Frank	Frank Marzullo
21127104	FOX19Rob	Rob Williams
2854727706	Willie700WLW	Bill Cunningh_m
704034081898668032	Miami4Trump	Jordan  MAGA
762389795037294592	sweetatertot2	Deplorable Melissa
4510755552	_Makada_	Makada 
3498448812	YoungDems4Trump	Democrats for Trump
264268489	BobG231	Bob Gaskin, "Banzai"
1065869268	JohnFromCranber	John Betts
2887465954	Bikers4Trump	Bikers 4 Trump
185425059	tteegar	KGBTrumpLady
66978366	SmurfBoobs	SecretSpice
133371829	kinni00	Mex Hacked by Russia
582135529	RepublicanChick	Ximena
293553958	NickPetersonTV	Nick Peterson
16012783	thedailybeast	The Daily Beast
8953122	PolitiFact	PolitiFact
455764741	FreeBeacon	Free Beacon
778892134552260608	JenThePatriot	Jenny G. 
15463671	samsteinhp	Sam Stein
14251225	jheil	John Heilemann
184136149	MarkHalperin	Mark Halperin
4496497823	WolfensPride	Mare&JayAmericaProud
4102376488	The_Trump_Train	The Trump Train
23148563	TamelaJaeger	Tamela Jaeger
2793971317	AzgalHaley	Peg Haley
264564707	ClintonsPay	Deplorable pay2play
790551073819922432	natalie_luke2	Natalie Luke
64766298	Zippertheslip	Mike Wekarski
138182116	trish_regan	Trish Regan
208155240	MariaBartiromo	Maria Bartiromo
2330590446	MorningsMaria	Mornings with Maria
85401970	billyjoel	Billy Joel
301127978	ginanotjenna	Jeanna M
262988064	Python0159	DEPLORABLE Brad Sr.
719829543192662016	bobbiemomma47	Bobbie Carter
760563636603617280	dekkar_meagan	Meags Dekkar
276095403	CHAMP_CHAMP_	Lee Greenwood
1065339504	imanredzepi	Iman
66274807	Texasbelle7VA	Linda K. Foreman
831488154	ricks1948	Ricks Scalzo
784586876	rl0711	Renee
18353492	TheGunzShow	Gunz
187578616	horowitz39	David Horowitz
18950931	JujuChangABC	Juju Chang
2509367595	NikkiGoeser	Nikki 
59331128	PhilipRucker	Philip Rucker
11640472	anamariecox	Ana Marie Cox
896258742	hrtablaze	Oak-TownUnfiltered
18643437	PrisonPlanet	Paul Joseph Watson
2801177472	terrymendozer	Latina RussianHacker
742749379623165955	latinaafortrump	Irma Hinojosa 
3306629815	AmericanMex067	Jorge  MAGA
358545917	Cernovich	Mike Cernovich 
4289460455	asamjulian	Asa J 
431917957	Based_Gibson	Mad Mel
274891222	bfraser747	Brian Fraser
345777074	TaraHollyFigure	The Deplorable Tara
35569009	KarenMKunkle	Karen M. Kunkle 
14244928	TheBecksB	Becks
704124038835212288	rossetti_nancy	Nancy Rossetti
13524182	daveweigel	Dave Weigel
1345941733	Simma_dunn_naw	D E B My Pic
214969300	dovewings68	Roseanna
783846529	Billybeeswife	Kim Brittain
1567314727	simplysaidSO	Tout-Tweet
173523606	badnewsblairs	Blair Estelle
3422474392	TheALX	ALX
2964586301	jschag77	Jaclyn
24077081	ChampionRandy_	Champion Randy
