240454812	GenFlynn	General Flynn
793520358511013888	transition2017	Transition 2017
804883120193466368	TrumpInaugural	Trump Inauguration
25413556	LynnePatton	Lynne Patton
20733972	Reince	Reince Priebus
159491661	EliHMiller	Eli H. Miller
799764016885329921	stevenmnuchin1	Steven Mnuchin
246871490	marc_lotter	Marc Lotter
16799621	OMAROSA	OMAROSA
11134252	GOP	GOP
17685258	parscale	Brad Parscale
471672239	KellyannePolls	Kellyanne Conway
20776147	seanspicer	Sean Spicer
25429371	KatrinaPierson	Katrina Pierson
75541946	LaraLeaTrump	Lara Trump
1084375028	JasonMillerinDC	Jason Miller
22203756	mike_pence	Mike Pence
108471631	MELANIATRUMP	MELANIA TRUMP
39349894	EricTrump	Eric Trump
620571475	DanScavino	Dan Scavino Jr.
52544275	IvankaTrump	Ivanka Trump
39344374	DonaldJTrumpJr	Donald Trump Jr.
25073877	realDonaldTrump	Donald J. Trump
