720293443260456960	Trump	Trump Organization
23482952	Cosmopolitan	Cosmopolitan
182107650	PageSix	Page Six
22783783	atlblog	Above the Law
2908170952	DiamondandSilk	Diamond and Silk
173269540	kellyalove	Kelly Love
17685258	parscale	Brad Parscale
25413556	LynnePatton	Lynne Patton
18646108	BretBaier	Bret Baier
16031927	greta	Greta Van Susteren
110445334	megynkelly	Megyn Kelly
19074134	marieclaire	Marie Claire
20177423	ELLEmagazine	ELLE Magazine (US)
1879831	NYTStyles	NYT Styles
471672239	KellyannePolls	Kellyanne Conway
14934818	InStyle	InStyle
52136185	MichaelCohen212	Michael Cohen
22203756	mike_pence	Mike Pence
711188856943411200	PaulManafort	Paul Manafort
24190981	TeenVogue	Teen Vogue
261014695	LGlick1	Larry Glick
110924703	GOPconvention	GOP Convention
25053299	FortuneMagazine	Fortune
25589776	people	People Magazine
2884771	Newsweek	Newsweek
224221596	AntonioBrown	Antonio Brown
34556717	pam226	Pamela Bowen Stanley
227837742	AC360	Anderson Cooper 360
15224867	andersoncooper	Anderson Cooper
13850422	CNNPolitics	CNN Politics
41634520	seanhannity	Sean Hannity
1367531	FoxNews	Fox News
23970102	oreillyfactor	Bill O'Reilly
67920551	TonyDovolani	Tony Dovolani
75541946	LaraLeaTrump	Lara Trump
56413858	FoxBusiness	FOX Business
108471631	MELANIATRUMP	MELANIA TRUMP
620571475	DanScavino	Dan Scavino Jr.
15846407	TheEllenShow	Ellen DeGeneres
16869718	johnrich	John Rich
26116556	MDMOLINARI	MARKUS MOLINARI
968661516	MissVanZutphen	Cheyenne Van Zutphen
776699401	IvankaJewelry	Ivanka Trump
49040616	Joel_Warren	Joel Warren
22406113	blueandcream	Blue&Cream
215366583	g_matisse	Gaia Matisse
398382872	daniellenmaples	Danielle Maples
25073877	realDonaldTrump	Donald J. Trump
24303865	MandieErickson	mandie erickson
39431549	theycallmeMOSH	Julia Moshy
25036209	hayamaraka	Haya  Maraka
388915111	SamiCoCoPuff	Samantha Blake Cohen
133006128	CureCancerNow	gabriellesangels.org
45266183	LanaDelRey	Lana Del Rey
31481401	teddymargules	Teddy Margules
475802156	MrsVanessaTrump	Vanessa Trump
19877186	chelseahandler	Chelsea Handler
20450568	ZuzannaWanda	Zuzanna Szadkowski
58233603	iansomerhalder	Ian Somerhalder
376531102	TrueLife_Tweets	Randomness_
247956054	Allegdeuce	Alleg Deuce
293809962	serenaamarronn	Serena Marron
46327939	thedapifer	The Dapifer
136361303	voguemagazine	Vogue Magazine
69615397	LouboutinWorld	Christian Louboutin
243781400	CarolinePalmer	Caroline Palmer
321591573	samanthaallyy	Sam Epstein
118911166	Georgia_Patrice	Georgia Patrice
42662940	morganelias	morgan elias
27319498	adwnewyork	Andrew Warren
71435985	JulianM	Julian Morris
24001217	CanaanRubin	Canaan Rubin
33000807	JasonTigre	Jason Tiger
19562228	rustyrockets	Russell Brand
169686021	kanyewest	KANYE WEST
148413248	fadilberisha	Fadil Berisha
268414482	MileyCyrus	Miley Ray Cyrus
297142326	HayleyNicole6	Hayley Nicole
15184938	scottlazerson	Scott Lazerson
30821581	vanderkimberly	Kimberly VanDerBeek
36700176	imMKOlsen	Mary-Kate Olsen
14222518	NylonMag	NYLON
22940219	Eminem	Marshall Mathers
128824253	SPRITES_NEST	$PR!TE
30704824	RachelZoe	Rachel Zoe
60710788	brandonwjones	Brandon Jones
19279132	LisaMirchin	Lisa Mirchin
36471644	TaraSutphen	Tara Sutphen *Author
39349894	EricTrump	Eric Trump
39344374	DonaldJTrumpJr	Donald Trump Jr.
52544275	IvankaTrump	Ivanka Trump
108736945	SFK_LA	SFK LA
206998507	itsmarlamaples	marla maples
