3116079967	AlohaElixir	AlohaElixir
6449282	JetBlue	JetBlue Airways
67119128	TrumpHotels	Trump Hotels
2492456316	EARLKAIMUKI	Earl Sandwich
793186009051598849	JacksonHewittHI	Jackson Hewitt HI
66948799	Roys_Hawaii	Roy's Hawaii
18467667	Pearlridge	Pearlridge Center
82144330	WakeUp2day	KHON2 WakeUp2Day
55036570	HawaiiIRL	Hawaii: In Real Life
20479321	KHONnews	khon2 News
10955202	pbshawaii	PBS Hawaii
112540990	FoodlandHI	Foodland Hawaii
2405626046	myhocu	HOCU
423749438	SurferTheBar	Surfer TheBar
342941226	ModernHonolulu	TheModernHonolulu
69388514	AlaMoanaHotel	Ala Moana Hotel
37089433	TurtleBayResort	Turtle Bay Resort
770085780962369536	KonosRestaurant	Kono's Restaurant
1720077240	808Plate	808 Plate
48534913	RiceFest	RiceFest
399054658	KahukuFarms	Kahuku Farms
20964146	KahalaResort	The Kahala Resort
766884249249001472	alohahawaiiAU	Aloha Hawaii
2341438417	hiagfdn	Hawaii Ag Foundation
234491774	TLCPRHawaii	TLC PR
27966985	jenniferhee	Jennifer Hee
42590605	PokeStop	Elmer Guzman
63353689	AdStreamz	AdStreamz Inc.
23821963	aieabowl	aieabowl
199461408	uncleclays	House of Pure Aloha
42794803	Willows_Hawaii	Willows Restaurant
38107044	HighwayInn	Highway Inn
57532801	TacoBellHawaii	Taco Bell Hawaii
16796163	JambaHawaii	Jamba Hawaii
31612043	Aloha_Airlines	Aloha Airlines
3300701782	TrumpBedminster	Trump Bedminster
42481877	hawaiitogo	Hawaii To Go
20785051	papajohnshawaii	Papa Johns Hawaii
728172269562814464	Vacation_HI	Vacation in Hawaii
2526055926	GreenListHawaii	Green List Hawaii
54904679	AirCanada	Air Canada
68490281	HonoluluCC	Honolulu CC
23922188	BCDlane	Lane T. Muraoka
846882692	MeleMei	Mele Mei
19260702	GrandHyattKauai	Grand Hyatt Kauai
715713811441778689	HIGoodEnergy	Hawaii Gas
468037543	HIsBestKitchens	Hawaii'sBestKitchens
17907832	LeewardCC	Leeward CC
18691915	UHAlumni	U of Hawaii Alumni
132279035	KaLeoOHawaii	Ka Leo O Hawaii
1042945374	INNOVATE_Hawaii	INNOVATE Hawaii
202350999	uhmanoa	University of Hawaii
28474813	UH_COE	UHM College of Ed
311765314	theBoxJelly	BoxJelly
1652836448	devleaguehawaii	DevLeague
27101676	ShidlerCollege	UH Shidler College
109443943	PACEhawaii	PACE
50192855	HTDCorg	High Tech Dev Corp
10847902	melij	Meli James
1043629212	Energy_Excel	Energy Excelerator
1494895243	sultanventures	Sultan Ventures
2646116772	XLR8UH	XLR8UH
820736352	BlueStartups	Blue Startups
48162479	oldlahainaluau	Old Lahaina Luau
1097028606	Ulupono	Ulupono Initiative
364364816	RebeccaArthurs	Rebecca Arthurs
79866726	mauivisit	Maui Visitors Bureau
16524544	cochawaii	Chamber of Commerce
24553889	allhawaiinews	All Hawaii News
39332631	MAUImag	Maui NoKaOi Magazine
122571571	RealtimeMaui	Maui News
29249391	MauiNOW	Maui Now
101290875	HwnElectric	Hawaiian Electric
2400608216	GrondinKitchen	Grondin
3255942392	alohagiftbox	Aloha Gift Box
235760562	LaGelateria	La Gelateria
58544650	TheMauiNewsHI	The Maui News
22557940	GoodwillHawaii	Goodwill Hawaii
15869968	RebeccaPang	Rebecca Pang
15174980	hiloprgal	Amy Hennessey APR
25195196	BloodBankHawaii	Blood Bank of Hawaii
232334376	AAHSAWARD	Star Diamond Award
23863450	PRSAHawaii	PRSA Hawaii Chapter
4799565078	SEARCHHawaiiTV	Search Hawaii TV
297582183	LeiHut	LeiHut
74391656	hiconcierge	HawaiiIslesConcierge
3333686834	NitrogenieHI	Nitrogenie Hawaii
16445562	Ad2Honolulu	Ad2Honolulu
18514408	walltowall	Wall-to-Wall Studios
478897877	hawaiidailynews	Hawaii Daily News
2591002274	teabossofficial	Tea Boss
25053199	mvnp	MVNP
41729564	sakeshop	The Sake Shop
145610688	PulseHNL	Jason Genegabus
13596	supercw	christa wittmier
17929160	contrastmag	contrast
20656917	FLUXhawaii	FLUX Hawaii
1873272024	HysHawaii	Hy's Steak House
1730943438	TuckerandBevvy	TuckerandBevvy
318921151	AlohaPops	Aloha Pops
719711301036064768	chuckshawaii	Chuck's Steak House
222194116	ChartHouseHI	The Chart House
402807652	TrumpGolfPhilly	Trump Philadelphia
15926855	eriKaengle	Erika Engle
86983357	BlueHILifestyle	BlueHawaii Lifestyle
16225679	Zippys	Zippy's Restaurants
19932383	WindwardMall	Windward Mall
24140685	BigCityDiner	Big City Diner
130991261	YMCAHonolulu	YMCA Honolulu
2986222290	gomateihawaii	Goma Tei
322318777	RobertsHawaii	Roberts Hawaii
72685208	RoysRoy	Roy Yamaguchi
24237992	jjdolans	J.J. Dolan's
26788938	maoorganicfarms	MA'O Organic Farms
37091421	edstown	Ed Kenney
43824043	hankshautedogs	hank's haute dogs
45222131	KahalaCounter	The Counter Kahala
25269865	ryansgrill	Ryan's Grill
21182204	kincaidshnl	Kincaid's Honolulu
15295051	polynesia	Polynesian Cultural
78528430	MissionHouses	Mission Houses
110464942	NimitzMuseum	Pacific War Museum
30084258	USSMissouri	Battleship Missouri
19049697	artsatmarks	The ARTS at Marks
74338077	HawaiiOpera	Hawaii Opera Theatre
24067213	PacificAviation	Pac Aviation Museum
43380835	IolaniPalaceHI	Iolani Palace
254177812	bishopmuseum	Bishop Museum
2753484334	Sunriser1Nd	Sunriser
18535473	aloha09	Aloha09
3140162401	hawaiiadmirer	The Hawaii Admirer
386028846	APinv	Arnold Palmer Inv.
18399263	weddingchicks	Wedding Chicks
60727036	MarthaWeddings	Martha Weddings
11279172	WeddingWire	WeddingWire
724704395431186432	SaksHawaii	Saks Fifth Avenue
19575119	TaizoBraden	Taizo Braden
26976905	JustinCruzNEWS	Justin Cruz
18202664	bengutierrez	Ben Gutierrez
1245599053	HIfreshBOX	freshBOX
19575278	GuyHagi	Guy Hagi
16213511	KahalaMallCtr	KahalaMallCtr
15361095	ParkRat	Russ S
170612169	NonStopMari	Mari Taketa
15667763	Melissa808	Melissa Chang
867273714	LuxeGetaways	LuxeGetaways
16075418	atmarketing	Toby Tamaye
143157972	rainbowdrivein	Rainbow Drive-In
48549329	LilihaBakery	Liliha Bakery
15861929	emihart	Emi Hart
773948257122803712	LuckyHotelsHI	Hawaii Hotels
1424358728	travellingking2	Travelling King
826666807	SydneyLivingT	Sydney Living Today
13192972	AlaskaAir	Alaska Airlines
17139837	GlobalTravel	Global Travel Int'l
24878908	AboutTravel	About.com Travel
17957392	EliteTravelGal	Stacy Hope Small
15430849	TravelAlberta	Travel Alberta
1047942182	travelhonolulu	Honolulu Travel
30259824	familytravel4um	Family Travel Forum
78606921	Jetsetterdotcom	Jetsetter
15292129	SoulOfTravel	John Lamkin
15676794	travelimp	Travel Impressions
18819574	travelocity	Travelocity
69072737	elite_traveler	Elite Traveler
38734554	USTravel	U.S. Travel
14825399	Travelzoo	Travelzoo
28535982	KAYAK	KAYAK
17471979	NatGeo	National Geographic
174377718	CNNTravel	CNN Travel
31161226	citizenM	citizenM hotels
24824090	aaicluxurytrav	AAIC LUXURY TRAVEL
1379392532	LuxuryTravels1	Luxury Travels
509037955	ModLuxWeddings	Mod Lux Weddings
476723663	Luxury4LifePR	Luxury 4 Life PR
45888901	LuxHomeMagPDX	Luxury Home Magazine
1431151693	TrueLTravel	True Luxury Travel
23175882	luxury_homes_	Luxury Homes Network
2429427672	luxurycouples	Luxury Couples Guide
124153877	luxury_branding	Luxury Branding
574192708	WomensLuxeGuild	Women's Luxury Guild
2922500155	TheWeaIthyMind	Luxury Life
254624943	LuxuryPRGroup	Luxury PR Group
330334324	PositiveLuxury	PositiveLuxury
2790183688	LuxurySpots	Luxury Spots
74151802	LuxuryChannel	The Luxury Channel
21622756	LuxuryTravelMom	Kim-Marie
252964337	CSkyLuxuryHotel	CSkySantoriniHotel
247994343	huenot	Hue Oldham
70730845	thechatwalny	The Chatwal New York
211959429	NubiaWilson	Nubia Wilson
19348972	LuxuryPortfolio	Luxury Portfolio
24762473	TrumpParc	Trump Parc Stamford
63944381	ITCHotels	ITC Hotels
424931846	Paul_Melinis	Paul Melinis
720293443260456960	Trump	Trump Organization
558606074	LVMH	LVMH
3289241653	LuxuryHomeMagSE	LuxuryHomeMagazine
45894866	RobbReport	Robb Report
43905579	LuxeTiffany	Luxe Tiffany
