3300701782	TrumpBedminster	Trump Bedminster
264361128	Liz_Wheeler	Liz Wheeler
1195781071	NationalDayCal	NationalDayCalendar
1209936918	OANN	One America News
1727148654	Juliecash12Cash	Julie Cash
40047022	James_Hardie	James Hardie
720293443260456960	Trump	Trump Organization
4041824789	RSBNetwork	RSBN TV
1643176417	danjansen94	Dan Jansen
22203756	mike_pence	Mike Pence
284533067	AmeliaConcours	Amelia Concours
31442900	dennyhamlin	Denny Hamlin
104203516	StenhouseJr	Ricky Stenhouse Jr.
40756537	MW55	Michael Waltrip
741721617265504256	TheGolfGuysTour	THE GOLF GUYS TOUR
261014695	LGlick1	Larry Glick
43375031	MattLaDolcetta	Matthew LaDolcetta
440585960	cdee_run	Dee
21700936	KPJgolf	Karen PalaciosJansen
3311271155	ManionElizabeth	Elizabeth Manion
109692649	TOPTEAMinc	TOPTEAM
2584178156	TrumpGolfHV	Trump Hudson Valley
1205897354	JasonWLindsay	JASON W. LINDSAY
67119128	TrumpHotels	Trump Hotels
2485139313	TastebudsAtLKN	TasteBudsPopcornLKN
2325495378	TrumpGolf	Trump Golf
2327567329	Realtorsbiltmor	Real Estate Florida
138747329	BJMontana	Barbara
4113627389	TrumpCLTsupt	James Sowers
75541946	LaraLeaTrump	Lara Trump
2214938128	ExecutivePour	Kerry Hannon Woolard
121721625	TrumpDoonbeg	Trump Doonbeg
1140041857	TrumpScotland	Trump Scotland
25413556	LynnePatton	Lynne Patton
3846904402	DJFoundation94	DanJansenFoundation
1265452904	TrumpNationalNY	Trump Westchester
1013672084	TrumpGolfDC	Trump Washington DC
2813604714	TrumpFerryPoint	Trump Ferry Point
2174527993	TrumpRealty	Trump Int'l Realty
3289241653	LuxuryHomeMagSE	LuxuryHomeMagazine
29562422	TrumpGolfLA	Trump Los Angeles
1393629139	JodieWidaseck	Jodie Widaseck
3247133446	Buddywilltravel	Gladys Tripp
205938621	TrumpColtsNeck	Trump Colts Neck
54013169	TrumpTurnberry	Trump Turnberry
1517700650	skyhighshoot	Sky High for St Jude
3134232011	TrumpConcours	Trump Clt Concours
213037821	swimmacc	SwimMAC Carolina
1965363728	SwimMacElite	Team Elite
402765717	TrumpPhillyGM	Eric J. Quinn
58839900	hunterkemper	Hunter Kemper
393150685	Darren_howudoin	DarrenAustinPound
243489406	teatimetayla	Tea Time with Tayla
1928564832	SonyPicsFaith	Sony Pictures Faith
633797941	TrumpDoral	Trump National Doral
21920965	ApprenticeNBC	#CelebApprentice
361400752	trumpwinery	Trump Winery
620571475	DanScavino	Dan Scavino Jr.
528996549	Gavin_Trump_TNC	Gavin J. Arsenault
38471535	AmandaTMiller	Amanda Miller
245038607	jmull71	Jason Mull
154567275	EricTrumpFdn	The Eric Trump Fdn
52544275	IvankaTrump	Ivanka Trump
39344374	DonaldJTrumpJr	Donald Trump Jr.
25073877	realDonaldTrump	Donald J. Trump
39349894	EricTrump	Eric Trump
