18274570	Evanjsheridan	Evanjsheridan
2493182384	BarSiena	Bar Siena
2813669652	FormentosChi	Formento's
495353571	EatFatRice	FAT RICE
2862785500	monteverdechi	Monteverde Chicago
239650602	CondeMatt	Matthew M. Conde
2349277697	dryan5962	Dan Ryan
18645752	vivamaxweddings	Viva Max Weddings
979662576	tony_sheffler	Tony Sheffler
58166411	echofon	echofon
262221007	GreenZebraChi	Green Zebra
140969962	natydenegri	natalia denegri
487798916	tbear582	Tim Berendt
90311926	ohidesignblog	Jessica Klein
1345345056	breannajwilson	Breanna Wilson
4646810601	weareteamtrump	Trump Hotels Jobs
4538810200	HeinekenPub97	Heineken Pub97
407476563	vinsordinaires	Parag Lalit
37255147	vawinetime	Virginia Wine Time
593733140	TravelwitBender	Travel With Bender
325167901	HomefrontMag	Homefront Magazine
60736582	SocialLifeMag	Social Life Magazine
16524361	Femme_Foodie	Mai Pham
2484626552	PunchBowlATX	Punch Bowl Austin
227585391	PunchBowlDenver	Punch Bowl Denver
1937954276	Fooditor	Fooditor
2542711891	WellTraveledKid	WellTraveledKids.com
2432558551	ilmeetingsmags	IL Meetings + Events
2906441569	chicagofoodwine	Chicago Food + Wine
1917719280	Illinois_Hotels	Illinois_Hotels
335009670	zeropercent	Zero Percent
3160019587	expatongreen	Expat
55474224	thechicagolite	Kori
49677012	nevinmartell	Nevin Martell
475970634	JodieEvansxo	Jodie Evans
2513892295	DuckInnChicago	TheDuckInnChicago
29045852	bloggeratlarge	Megan Singleton
1694340666	AlwaysHungryChi	Always Hungry Chi
17211217	David_Goldberg	David Goldberg
20814681	brandonperlman	Brandon Perlman
815310462	AASquaredBlog	Anne [A Squared]
790362132	IndustryNightIn	IndustryNightInsider
2201669647	WindyCityBlogCo	Windy City Bloggers
592845103	chicagofoodieg	chicago foodie girl
1009657453	ChiSportsComm	Chicago Sports Comm
17271416	gpmf	GrantParkMusicFest
130863757	HotelOnlineNews	Hotel-Online
54215183	hospbusnews	Hospitality News
161024639	ManagementHotel	Hospitality Industry
119314101	hoteltrends	Hospitality Trends
27006799	HotelMgmtMag	HOTEL MANAGEMENT
182295277	hotel_industry	Hotel Industry Mag
1183037654	HotelsForDreame	Hotels For Dreamers
555421901	chefsandcity	Chefs and the City
1024945230	BreakwaterCHI	Breakwater Chicago
45919349	pettravelcom	Pet Travel
39950086	LuxLister	LuxLister
954972355	luxlittleones	luxuryandlittleones
3061896919	cfoodchicago	C Chicago
74406343	hotel_for_all	Hotel Directory
27991457	KellyNBC6	Kelly Blanco
2276483456	LuxTravelExpert	Luxury Travel Expert
94138273	RockitBurgerBar	Rockit Burger Bar
16910762	GlaceLuxuryIce	Glace Luxury Ice
3107738194	MoetHennessy	Mot Hennessy
232334376	AAHSAWARD	Star Diamond Award
19333624	bagchatter	Paul McGee
137401758	AviaryCocktails	The Aviary
770362554	ThreeDotsCHI	
2745719292	NBATA	NBATA
3090369697	chiwomanmag	Chicago Woman
35069248	ericastrama	Erica Strama
92176808	RebeccaTaras	Rebecca Taras
1963718738	GtfishOyster	GT fish & Oyster
128305388	BolsGenever	Bols Genever
61896089	Sunda	SUNDA
2654376834	SevenLionsChi	Seven Lions
1486696824	UniteUrbanGrill	Unite Urban Grill
137119872	RiverRoastChi	River Roast
2615793896	meetingsmeanbiz	MeetingsMeanBiz
36730237	BethsTable	Beth Peterson
2519049788	TLTourist	The Little Tourist
20025162	PaulEisenberg	Paul Eisenberg
16916082	JimVerraros	Jim Verraros
2614076347	typeAtrips	Type A Trips
349246490	oldtowntriangle	Old Town Triangle
351918560	OldTownCHI	Old Town Chicago
370422354	FoodStringer	Veronica Hinke
32272304	JustinSpaulding	Justin Spaulding
2153949818	OrganizedMamas	Jessica Litman
79248836	sssourabh	Sourabh Sharma
119474473	BennysChopHouse	Bennys Chop House
2249325272	TheFeedPodcast	TheFeedPodcast
2244707462	BarPassChi	BarPass
221382131	Moschino	Moschino
937294358	MIUMIUofficial	MIU MIU
114796408	Fendi	Fendi
1156866230	Prada	PRADA
1159809212	maxmara	Max Mara
155949831	HUGOBOSS	HUGO BOSS
130488161	Zegna	Zegna
1109171928	Canali1934	Canali
480621230	flowers4dreams	Flowers for Dreams
747879246	IrelandChicago	Ireland CG Chicago
181268935	thetblogger	Travel Blogger .com
26664495	brookfield_zoo	Brookfield Zoo
2255490829	EatalyChicago	Eataly Chicago
361877121	EDST_Global	eatdrinksleeptravel
27801361	marcuslemonis	Marcus Lemonis
22027114	peterfrost	Peter Frost
2359955480	randy_travel	Randy Cotton
14283545	ChicagoRedCross	ChicagoRedCross
15645595	alliemerrick	Alli Merrick
151628258	Daniella_mktg	Daniella J
22009476	ptrombly	Patrick D Trombly
2993177842	winecoat	Winecoat
3026684650	Jluluque	Jennifer Lu
292728978	QuinnFord09	Quinn Ford
337483924	gastroconomy	polished brands
19405603	LurieChildrens	Lurie Children's
96224979	BreakthruBev	Breakthru Beverage
382485249	WineAtlas	Wine Atlas
94178123	BreakthruBevIL	Breakthru IL
36131454	RushMedical	RushU Medical Center
41182436	NorthShoreWeb	NorthShore
2587921392	SnowstormFest	Snowstorm Festival
392475475	SparrowCoffee	Sparrow Coffee
122445177	ChicagoBooth	Chicago Booth
501260042	AYearInPort	A YEAR IN PORT
2439114794	YearinChampagne	A Year in Champagne
1630282718	derrekhull	Derrek Hull
16140591	LaurenKilberg	Lauren Kilberg
412607252	CityWineryCHI	City Winery Chicago
2290522478	AdamKnade	Adam Knade
633069757	ChicagoLife4u	Chicago Life
2232140886	InfatuationCHI	Infatuation Chicago
41615349	areaa	AREAA
1365175176	DivvyBikes	Divvy
16611552	GlobalWoman	YaminiKathryn Toohey
269083569	tracyslutzkin	Tracy
19407053	Entrepreneur	Entrepreneur
15492359	TEDTalks	TED Talks
14800270	HarvardBiz	Harvard Biz Review
67358777	BW	Businessweek
18886958	Virtuoso	Virtuoso, Ltd.
15210284	nationaljournal	National Journal
14942950	Design_Hotels	Design Hotels
14662354	WashTimes	The Washington Times
2995076388	ThreeStarBlog	Three Star Challenge
6577642	usnews	U.S. News
158788504	dnainfo_breen	Justin Breen
858304177	iwalkchicago	iwalkchicago
31485720	chefsfeed	ChefsFeed
855636331	hotelviews	hotel room views
23224984	huawang0	Hua Wang
246584512	amarielafleur	Ashley La Fleur 
222680234	GoAwayWithJae	Jae-Ha Kim 
75389170	ParkGrillMP	Park Grill
137782976	amybizzarri	Amy
18801482	palmerlaw	Mark C. Palmer
1928289126	JustKiddingChi	Just Kidding Chicago
263874106	postagram	Postagram
858471794	InkCards	Ink Cards
1413622206	chefsroll	Thomas Keslinke
260510664	renurbnek	Ken B
16666386	mgendron	mgendron
17601281	SmartMeetings	SmartMeetings
122887946	wheatonil	Wheaton, IL
342309995	CultureTrip	Culture Trip
29771110	katlevitt	kat levitt
440343742	Binge_Magazine	Binge Magazine
259092076	NicoleARegan	Nicole Regan
71661877	Oinospell	Joseph Spellman
262688665	CNTravelerSpain	Cond Nast Traveler
27187753	swigwine	ken fredrickson
234979485	MariaConchita_A	MariaConchitaAlonso
2207990527	Foodseum	Foodseum
1321563157	misschicago2013	Miss Chicago 2013
2842812478	chinewstoday	Chicago News Today
14993569	adelto	Adelto
497763531	jrwatches	JEANRICHARD
2589927624	ChefLamalfa	Rebecca LaMalfa
44215023	janemarielynch	Jane Lynch
390872465	caleb_wilkerson	Caleb Wilkerson
2330838924	MyLTrain	MyLTrain
23078486	thefullybooked	Thei Zervaki
1151214955	CraigDellimore	Craig Dellimore
287192647	TravelFoodGuy	Larry Olmsted
1311854108	USATODAYeats	USA TODAY Eats
2305823898	KrisGcbs2	KrisGcbs2
2540108439	enunez4592	Victor Cruz
626478337	antoniocphoto	Antonio Cuellar
33429825	motivpark	Motivpark
2176275918	lovethiscity	LoveThisCity
65117552	SuccessfulMtgs	Successful Meetings
2333017830	exploretravel1	ExploreTraveler
1935928074	bestfoodchicago	MyFab5 Chicago
344831073	tweetTPM	ThinkPositiveMag.com
28369816	PlanYrMeetings	Plan Your Meetings
41605460	jkmarcinko	Jessica Marcinko
