720293443260456960	Trump	Trump Organization
1099995960	Patriots_Honor	Patriots Honor
611179848	LindaLeMaster	Linda LeMaster
357855989	DailyBreezeNews	Daily Breeze
54013169	TrumpTurnberry	Trump Turnberry
75541946	LaraLeaTrump	Lara Trump
177788998	1soyeonryu	Soyeon Ryu
82504071	TrumpLasVegas	Trump Vegas Hotel
184890642	TrumpNewYork	Trump New York
726414091	TrumpCharlotte	Trump Charlotte
17852948	pubclub	pubclub
33424006	TonyGrossi	Tony Grossi
261014695	LGlick1	Larry Glick
39275966	robertherjavec	Robert Herjavec
1906176547	officialmutombo	Dikembe Mutombo
2813604714	TrumpFerryPoint	Trump Ferry Point
2584178156	TrumpGolfHV	Trump Hudson Valley
2214938128	ExecutivePour	Kerry Hannon Woolard
51212820	MarymountCU	Marymount California
96285529	BootCampaign	Boot Campaign
369552539	TrumpMiami	Trump Miami
2174527993	TrumpRealty	Trump Int'l Realty
191726210	TrumpPanama	Trump Hotel Panama
18180495	sanpedrotoday	San Pedro Today
1554111290	SixteenChicago	Sixteen at Trump
13793552	olv	olv
78205950	subirchowdhury	Subir Chowdhury
2183487019	bronsoniraq	David Bronson
423124503	tdixon20	TJ
2183451344	LuxJetGroup	Luxury Jets Group
23126091	LALIVE	L.A. LIVE
175180032	LeeZeidman	Lee Zeidman
23114836	UnderArmour	Under Armour
210684204	TayeDiggs	Taye Diggs
488409322	GolfSwingShirt	The Golf Swing Shirt
783763632	JordanSpieth	Jordan Spieth
84016955	RainbowServ_DV	Rainbow Services DV
116976669	JoefromDoonbeg	Joe Russell
12310282	nhowe	Nathaniel Howe
44423252	Paylocity	Paylocity
121721625	TrumpDoonbeg	Trump Doonbeg
1286167610	theforum	The Forum
2325495378	TrumpGolf	Trump Golf
180505807	instagram	Instagram
620571475	DanScavino	Dan Scavino Jr.
361400752	trumpwinery	Trump Winery
633797941	TrumpDoral	Trump National Doral
1265452904	TrumpNationalNY	Trump Westchester
1013672084	TrumpGolfDC	Trump Washington DC
278098811	JoeyBats19	Jose Bautista
14209619	VisitLB	Long Beach CVB
365695674	OurSouthbay	Our South Bay
232334376	AAHSAWARD	Star Diamond Award
237816375	JCefaly	James Cefaly
835721828	TrumpTower	Trump Tower New York
36104410	TerraneaResort	Terranea Resort
1140041857	TrumpScotland	Trump Scotland
18251618	natalie_gulbis	Natalie Gulbis
156749480	CelebrityAgents	AthletePromotions
119157187	TrumpWaikiki	Trump Waikiki
71413402	grlldcheesetruk	Grilled Cheese Truck
341250146	JoeBuscaino	Joe Buscaino
376839601	NetworkA	Network A
298711673	JimFox19	Jim Fox
69827637	AnzeKopitar	Anze Kopitar
317338639	JonathanQuick32	Jonathan Quick
21662960	DustinBrown23	dustin brown
19013887	LAKings	#LAKings
17379685	NBCLA	NBC Los Angeles
472459095	MrJacobPayne	Jacob Payne
39349894	EricTrump	Eric Trump
129017224	LeeannTweeden	Leeann Tweeden
25413556	LynnePatton	Lynne Patton
50755159	CeremonyMag	Ceremony Magazine
25796762	doralgolf	Doral Golf
512577026	DuranSports	Beto Duran
237920783	TrumpToronto	Trump Toronto Hotel
50387113	TrumpTO	Trump Residences TO
39344374	DonaldJTrumpJr	Donald Trump Jr.
20535237	TrumpSoHo	Trump SoHo
48223726	TrumpChicago	Trump Hotel Chicago
456095936	USCMensGolf	USC Mens Golf
456114886	USCWomensGolf	USC Womens Golf
23937786	top100golf	Top 100 Golf Courses
306330832	TheHankBaskett	Hank Baskett
186557678	PVPChamber	Palos Verdes Chamber
44674190	JeffLewis4RPV	Jeffrey Lewis
402752143	TrumpPhillyGolf	James Cunningham
332223001	Kenny_Lofton7	Kenny Lofton
58560038	LTGLSHOW	LIVIN THE GOOD LIFE
14337243	RyanTotka	Ryan Totka
22870112	TerezOwens	Terez Owens
215409200	SFAngelique	Angelique Zaki
29842036	RyanSheckler	Ryan Sheckler
32717570	RickieFowler	Rickie Fowler
43656798	CampbellforRPV	Brian Campbell
78368586	RobertNBCLA	Robert Kovacik
19944896	MSTheater	Microsoft Theater
67119128	TrumpHotels	Trump Hotels
154567275	EricTrumpFdn	The Eric Trump Fdn
16211434	TravelLeisure	Travel + Leisure
28406157	golfweek	Golfweek
36218435	LAmag	Los Angeles Magazine
25073877	realDonaldTrump	Donald J. Trump
87767356	EasyReaderNews	Easy Reader News
28725783	STAPLESCenter	STAPLES Center
119221927	KB_Academy	Kris Brown
6017542	BreakingNews	Breaking News
52544275	IvankaTrump	Ivanka Trump
36098990	HarveyLevinTMZ	Harvey Levin
37226256	RICKatFOX	Rick Dickert
34862549	JeanieBuss	Jeanie Buss
54271396	kamnajmi	Kam Najmi
36679806	damonhackGC	Damon Hack
35685591	GetawaysGolf	#TalkingGolfGetaways
33630153	RonSwart_RS	Ron Swart
31432837	RickSmithGolf	Rick Smith
14673907	ezlinks	EZLinks Golf
18637922	wheretogolf	Where To Golf
24063150	SouthlandGolf	Southland Golf
22146985	GolfDigest	Golf Digest
26274219	BizBash	BizBash
21503254	lahappenings	LA Happenings
19946098	aeglive	No more tweets here.
19789299	PeterSGreenberg	Peter S. Greenberg
