92162698	simplymeasured	Simply Measured
4646810601	weareteamtrump	Trump Hotels Jobs
17790274	OneLouderApps	OneLouder Apps
109408280	goumikids	goumikids
271395729	MommysBliss	Mommy's Bliss
56533288	jamnicolec	Jam Nicole Cristobal
776843941	TheCultureur	Nyssa P. Chopra
368878533	BestBitsWorld	Best Bits Worldwide
45811995	TheTravelBunny	Suzanne Jones
15386532	Butterflydiary	Charu Suri
383900591	LVFNB	Las Vegas F&B Pro
862704674	LVCocktail	Adam Rains
514487309	VitalVegas	Vital Vegas
18311471	tweetlv	Las Vegas Tweets
17525171	Variety	Variety
36760838	Michelle_8News	Michelle Mortensen
19407496	IHG	IHG
2337310838	VegasTop10	Top10Vegas.com
24222640	rodtatro	RODNEY TATRO
1481077874	BestSpaHotels1	Best Spa Hotels
596994041	SilverTravelUSA	Silver Travel USA
2214938128	ExecutivePour	Kerry Hannon Woolard
57128658	ericcorrales	EC
2863495000	amason02	It's Andrea
26066384	TravelIndustry	Travel Industry
16807921	travelmail	MailOnline Travel
181268935	thetblogger	Travel Blogger .com
36114716	ST_TravelMag	SundayTimesTravelMag
147590684	ST_Travel	Sunday Times Travel
53372965	IndyTravel	Independent Travel
21757155	ISpaDoYou	ISPA
21209392	TelegraphTravel	Telegraph Travel
10933662	timestravel	The Times Travel
19750906	spasofamerica	Spas of America
61323672	DaySpaAssoc	Day Spa Association
13385612	greentravel	Green Travel News
40905960	TheSpaBuzz	The Spa Buzz
20967206	GDemo	Guy DeMarco
60940842	ILTM_events	ILTM Luxury Travel
16245373	SpaIndex	Spa Index
90203791	SpaTravelGal	Ava Roxanne Stritt
31690738	momandbrands	Mom and Brands
108471631	MELANIATRUMP	MELANIA TRUMP
29562422	TrumpGolfLA	Trump Los Angeles
1013672084	TrumpGolfDC	Trump Washington DC
726414091	TrumpCharlotte	Trump Charlotte
1265452904	TrumpNationalNY	Trump Westchester
633797941	TrumpDoral	Trump National Doral
77307153	EaterVegas	Eater Vegas
2703171	lightgroup	The Light Group
2325495378	TrumpGolf	Trump Golf
250373093	SmithCenterLV	The Smith Center
190360052	CelebApprentice	Celebrity Apprentice
248931677	sheispaloma	Paloma Castro-Marin
2205219234	KenVanDeyck	KenVanDeyck
1707713785	MegSperanzo	Meghan Speranzo
1180248210	1ceniyi	Adeniyi  Abubakar
1921738843	TheMarketLVTV	The Market LV
214240966	bellesmusiq	Belle
101839266	vegasdistillery	Las Vegas Distillery
36512207	MDPapillon	Maison de Papillon
846177386	AddictionNVL	Addiction Lingerie
25626894	AOLLifestyle	AOL Lifestyle
17872447	deesnider	Dee Snider
46939084	FirstFridayLV	First Friday LV
98165104	rehanc	Rehan Choudhry
853411141	lifeisbeautiful	Life is Beautiful
2690861598	WineAmplified	Wine Amplified
421137921	JaVendryes	Jason Vendryes
95431448	BostonGlobe	The Boston Globe
1945968193	iampwhang	Paul Whang
42938859	RyanHafey	Ryan Hafey
534476212	vsweetblog	Viciously Sweet
86344052	bballbreakdown	BBALLBREAKDOWN
21728396	BrittanyFurlan	@BrittanyFurlan
204633530	NicoSantucci	Nico Santucci
38456605	CityOfLasVegas	City of Las Vegas
22982328	taolasvegas	TAO Las Vegas
393661882	HakkasanLV	Hakkasan Las Vegas
32706726	XSlasvegas	XS Las Vegas
188841274	MarqueeLV	Marquee Las Vegas
34279130	kbernalFOX5	Kristin B
902435143	LindsayCurtis_	Lindsay Curtis
182910841	FeinbergFOX5	JASON FEINBERG
144360870	mdamelincourt	Mickael Damelincourt
168872447	DelenGoldberg	Delen Goldberg
912924355	ShannonKOLO8	Shannon Moore
19097492	juliadimon	Julia Dimon
73195106	LVSocialMedia	Morgan Waldron
84525392	MarisaFinetti	Marisa Finetti
27977493	SpudHilton	Spud Hilton
213950777	RockStarMomLV	Stefanie Van Aken
19521299	Kala_Peterson	Kala Peterson
18170046	GoRedForWomen	GoRedForWomen
195920240	KBIS2017	KBIS
39622714	NightclubBar	Nightclub & Bar
18775665	CTIAShows	CTIA Super Mobility
34686748	IntlBldrsShow	Builders' Show
33897988	nssfshotshow	SHOT Show
474433959	MAGICMarketWeek	MAGIC
148491506	nabtweets	NAB
127516899	AAPEXShow	#AAPEX16
22857554	conexpoconagg	CONEXPO-CON/AGG
10668202	CES	CES
39511064	WorldofConcrete	World of Concrete
14295096	Travelogged	Liz Borod Wright
835721828	TrumpTower	Trump Tower New York
41885795	BRAINTRUSTbuzz	BRAINTRUST
14537303	mombloggersclub	Mom Bloggers Club
10814422	MomCentral	Mom Central
20481658	familytravelmom	Michele Zavatsky
119100202	MaryWNicklin	Mary Winston Nicklin
19111507	GirlGoneTravel	Carol Cain
8060132	TourismTim	Tourism Tim Warren
248461286	awayishome	Kari Astrid Haugeto
14851008	JsNantucket	Janine's Nantucket
15566503	kimorlando	kimorlando
11892722	JodiGrundig	Jodi Grundig
114049072	VeraSweeney	Vera Sweeney
104194087	luxuryspot	The Luxury Spot
16124611	karasw	Kara Williams
15985017	CindyRichards	Cindy Richards
14412003	DebbieDubrow	Debbie Dubrow
7416812	mommypoppins	mommypoppins
10173102	MargaretRyan	MargaretRyan
14840069	JenniferMiner	Jennifer Miner
15877547	BethBlair	BethBlair
15111838	Nancydbrown	Nancy D. Brown
23404157	travelwithkids	Travelwithkids Guide
6356472	BryceGruber	Bryce Gruber
976964953	4Luxury_Travel	Elizabeth Hansen
22708880	LATravelMom	Janeen Christoff
90994137	jollynyc	Mark Jolly
18162007	everettpotter	everettpotter
10976592	FamilyVacation	FamilyVacationCritic
23249513	cnyspagirl	Michele McIntyre
8329582	elliottdotorg	Elliott.org
60381321	MomsTravelTales	MomsTravelTales
133584641	LUXGetaway	LUXGetaway
24104772	wandermelon	team wandermelon
231230506	4kmiddlebrook	Keith Middlebrook
15215465	slh2346	susan hornik
18201114	MaximMag	Maxim
23249035	JoVos	Jo Vos
439718878	itsbritgarcia	Brittany Garcia
34227860	imlukesmith	Luke Smith
379826289	robgillett	Rob Gillett
7239082	rbocchinfuso	Richard Bocchinfuso
734288028	valoriemarie_	Valorie Marie
35685493	benthal	Ben Rosenthal
182911334	RACHELFOX5	RACHEL SMITH
226233408	michelemadole	Michele Madole
553904015	Foodie_Biz	Foodie Biz
28658344	mbrimhall	Matthew Brimhall
613368810	DelishDirection	Prachi Joshi
15729205	barblikos	Barb Likos
1206276817	StellaNOliver	Stella Oliver
202798481	TheVegasFoodie	TVF
382960544	luxurylvmag	Luxury Las Vegas
343513301	philtrump	Phil Trump
278805917	legreiwe	Laura Padgett
51749625	ShereeClarke	ShereeClarke
198731531	SelectiveGRP	Selective Group
879286981	adorableprick	Joe Lasar
26245237	willcastleman	William Castleman
153599356	FineTobaccoNYC	FineTobaccoNYC
10451212	KellyAnnScott	KellyAnnScott
130481026	GleeNYC	Danielle K Clarke
22045946	helenetron	Helene Rhodes
44814718	Arii0326	lyris
22599841	goodlifevan	Cassandra Anderton
31017314	SabineMondestin	Sabine Mondestin
106738160	shoplosgatos	Shop The Cats
51929511	jenna_wb	Jenna Watson-Brawn
9350122	smidge	Alexander Metz
485927000	PHGFamilyTravel	Preferred Family
87550132	CamilaSTL	Camila Marshall
15773061	JodiHarris	Jodi Harris
191681725	LeeAbbamonte	Lee Abbamonte
18605230	andyebon	Wedding Marketing
97537828	elainerdesigns	Elaine Romero
357017633	Joyce8NNLV	JOYCE KOTNIK
243028381	PandoraVT	Pandora Vanderpump
15014405	PleasureEllis	Pleasure Ellis
66762596	lasvegasnannies	Nannies&Housekeepers
785739140	MissPiggy	Miss Piggy
83708734	RoamingBoomers	The Roaming Boomers
361400752	trumpwinery	Trump Winery
29561321	THEREALERICM	ERIC MARTINEZ
16339845	JuliaRosien	Julia Rosien
30670084	GoGirlfriend	GoGirlfriend
453221057	MoetUSA	Mot & Chandon
20071863	HuffPostTravel	HuffPost Travel
41699362	joelawson1	Joseph Lawson
424391786	scottcampy	scott.campbell
58858930	GayTravel	GayTravel
19214257	bradgosse	Brad Gosse
336550057	Annemsachs	Anne Sachs
11224152	danicalo	Danica Lo
106249397	TripStyler	Trip Styler
