4330756895	TrumpGolfDubai	Trump Dubai
1198111843	TrumpVancouver	Trump Vancouver
19405487	MichaelBreed	Michael Breed
720293443260456960	Trump	Trump Organization
733335574543794176	TrumpJupiter	Trump Jupiter
3303145473	MichaelBreedGA	Michael Breed Golf
237868759	BrendanAMurphy	Brendan Murphy
14364779	CallawayGolf	Callaway Golf
30948732	PGA_JohnDaly	John Daly
41441075	SIGolfPlus	SI Golf+
17685258	parscale	Brad Parscale
358226078	CRTurnberry	Carol Ramsay
27737293	joshspragins	Josh
144360870	mdamelincourt	Mickael Damelincourt
720610918355361794	TrumpPalmBeach	Trump Palm Beach
348179950	Swary81	Eric R. Swary
23935918	JeffreyMoser	Jeffrey Moser
252043071	AMurrayGolf	Andrew Murray
447566297	worthy1961	BradWorthington
39349894	EricTrump	Eric Trump
475802156	MrsVanessaTrump	Vanessa Trump
474989905	TrumpModels	Trump Models
313653819	THE_REAL_LD_89	Loren David
52136185	MichaelCohen212	Michael Cohen
245963716	TiffanyATrump	Tiffany Trump
398872722	AnnCLauer	Ann Lauer
463016850	TheBig_Easy	Ernie Els
54013169	TrumpTurnberry	Trump Turnberry
368613973	MikeAdkinsPGA	Mike Adkins
301490692	ianokearney	Ian Kearney
19596597	KateRuthBrewer	Kate Ruth Brewer
560668259	Scottmarr8	Scott Marr
116976669	JoefromDoonbeg	Joe Russell
4113627389	TrumpCLTsupt	James Sowers
1522187562	JimMcLeanDoral	Jim McLean Doral
2314391886	TrumpDC	Trump Washington DC
43375031	MattLaDolcetta	Matthew LaDolcetta
43334612	gohermie	Jim Herman
52544275	IvankaTrump	Ivanka Trump
3300701782	TrumpBedminster	Trump Bedminster
835721828	TrumpTower	Trump Tower New York
890891	BleacherReport	Bleacher Report
2813604714	TrumpFerryPoint	Trump Ferry Point
28370738	SInow	Sports Illustrated
1596541134	JDayGolf	Jason Day
64736207	PGAChampionship	PGA Championship
25117278	usopengolf	U.S. Open (USGA)
2584178156	TrumpGolfHV	Trump Hudson Valley
2174527993	TrumpRealty	Trump Int'l Realty
2214938128	ExecutivePour	Kerry Hannon Woolard
23505298	TheMasters	Masters Tournament
208271225	Lexi	Lexi Thompson
42084906	Stacy_Lewis	Stacy Lewis
2557521	espn	ESPN
437700198	PGATOURmedia	PGA TOUR Media
113712551	TheSergioGarcia	Sergio Garcia
121721625	TrumpDoonbeg	Trump Doonbeg
1115127925	SharkGregNorman	Greg Norman
26829777	garyplayer	Gary Player
223173591	CharlieRymerGC	Charlie Rymer, PGA
620571475	DanScavino	Dan Scavino Jr.
237920783	TrumpToronto	Trump Toronto Hotel
119157187	TrumpWaikiki	Trump Waikiki
20535237	TrumpSoHo	Trump SoHo
48223726	TrumpChicago	Trump Hotel Chicago
191726210	TrumpPanama	Trump Hotel Panama
184890642	TrumpNewYork	Trump New York
82504071	TrumpLasVegas	Trump Vegas Hotel
108471631	MELANIATRUMP	MELANIA TRUMP
361400752	trumpwinery	Trump Winery
25413556	LynnePatton	Lynne Patton
261014695	LGlick1	Larry Glick
75541946	LaraLeaTrump	Lara Trump
343315748	BrianFreeswick	Brian Freeswick
156667842	RoccoMediate	Rocco Mediate
1334339822	stevestricker	Steve Stricker
188039706	McIlroyRory	Rory McIlroy
32717570	RickieFowler	Rickie Fowler
783763632	JordanSpieth	Jordan Spieth
17070013	Titleist	Titleist
76987599	Fehertwit	David Feherty
37941938	Love3d	Davis Love III
70728069	HunterMahan	Hunter Mahan
130594732	ZachJohnsonPGA	Zach Johnson
293482180	JasonDufner	Jason Dufner
35103194	ursinopro	Anthony Ursino
257013116	DJohnsonPGA	Dustin Johnson
212256947	JustinRose99	Justin Rose
74791999	bubbawatson	bubba watson
86230406	Graeme_McDowell	Graeme McDowell
32073913	LukeDonald	Luke Donald
311095986	roedigerj	Joe Roediger
28534252	IanJamesPoulter	Ian Poulter
252734049	GolfWorld	Golf World
28406157	golfweek	Golfweek
26578816	golf_com	GOLF.com
21014439	pgaofamerica	PGA of America
16257130	USGA	USGA
71022075	ESPNGolf	ESPN Golf
67427568	adidasGolf	adidas Golf
44706253	TaylorMadeGolf	TaylorMade Golf
32453930	TigerWoods	Tiger Woods
14063426	PGATOUR	PGA TOUR
14063612	PGAcom	PGA.COM
28349128	GolfChannel	Golf Channel
22146985	GolfDigest	Golf Digest
66408053	Cadillac	Cadillac
402752143	TrumpPhillyGolf	James Cunningham
402765717	TrumpPhillyGM	Eric J. Quinn
402807652	TrumpGolfPhilly	Trump Philadelphia
38471535	AmandaTMiller	Amanda Miller
416487757	GMackayPGA	Gary Mackay, PGA
67119128	TrumpHotels	Trump Hotels
402770316	TrumpPhillyPro	David Cartwright
242591128	McLeanGolf	Jim McLean Golf
726414091	TrumpCharlotte	Trump Charlotte
205938621	TrumpColtsNeck	Trump Colts Neck
1265452904	TrumpNationalNY	Trump Westchester
1140041857	TrumpScotland	Trump Scotland
1013672084	TrumpGolfDC	Trump Washington DC
29562422	TrumpGolfLA	Trump Los Angeles
633797941	TrumpDoral	Trump National Doral
154567275	EricTrumpFdn	The Eric Trump Fdn
39344374	DonaldJTrumpJr	Donald Trump Jr.
25073877	realDonaldTrump	Donald J. Trump
