720293443260456960	Trump	Trump Organization
39344374	DonaldJTrumpJr	Donald Trump Jr.
38471535	AmandaTMiller	Amanda Miller
43375031	MattLaDolcetta	Matthew LaDolcetta
144360870	mdamelincourt	Mickael Damelincourt
71432253	TennisViewMag	Tennis View Magazine
52817161	CitiOpen	Citi Open
21014439	pgaofamerica	PGA of America
2813604714	TrumpFerryPoint	Trump Ferry Point
121721625	TrumpDoonbeg	Trump Doonbeg
184890642	TrumpNewYork	Trump New York
24557314	trumpoceanclub	Gone fishing...
2214938128	ExecutivePour	Kerry Hannon Woolard
261014695	LGlick1	Larry Glick
835721828	TrumpTower	Trump Tower New York
361400752	trumpwinery	Trump Winery
633797941	TrumpDoral	Trump National Doral
67119128	TrumpHotels	Trump Hotels
17070013	Titleist	Titleist
14063426	PGATOUR	PGA TOUR
41441075	SIGolfPlus	SI Golf+
48223726	TrumpChicago	Trump Hotel Chicago
22146985	GolfDigest	Golf Digest
26578816	golf_com	GOLF.com
232334376	AAHSAWARD	Star Diamond Award
462367921	WIndustryExpert	WedBiz Peer Awards
1265452904	TrumpNationalNY	Trump Westchester
38434916	colincowie	Colin Cowie
29562422	TrumpGolfLA	Trump Los Angeles
25073877	realDonaldTrump	Donald J. Trump
52544275	IvankaTrump	Ivanka Trump
39349894	EricTrump	Eric Trump
154567275	EricTrumpFdn	The Eric Trump Fdn
726414091	TrumpCharlotte	Trump Charlotte
