24188378	CruiseReport	CruiseReport
59781475	ChrisDikmen	Chris Dikmen
43375031	MattLaDolcetta	Matthew LaDolcetta
19258556	TravelineTravel	Traveline 
1522187562	JimMcLeanDoral	Jim McLean Doral
65688441	sheswanderful	Wanderful
387770230	HarmanKPradhan	Harman Kaur Pradhan
132649710	KenHaydenPhoto	Ken Hayden
194631580	JillSieracki	Jill Sieracki
50883209	PUMA	PUMA
49117053	TOURMISS	Genius Of Golf
58561993	Dell	Dell
467368287	HSBC	HSBC
164365459	Bridgestone	Bridgestone
66408053	Cadillac	Cadillac
29785854	Lee_Schrager	Lee Brian Schrager
90311926	ohidesignblog	Jessica Klein
87899852	TravelPulse	TravelPulse
227467179	ThomasLKnightJr	Thomas L. Knight Jr.
26001481	downtownMIA	Downtown Miami (DDA)
57683365	TWtravelnews	Travel Weekly
19294174	HistoryMiami	HistoryMiami Museum
290009235	ArtDecoWeekend	Art Deco Weekend
247352687	MDPL1976	MDPL
47345252	RunMiami	Miami Marathon
566445645	BrianEntin	Brian Entin
76457056	TheJaxShow	Jason Jackson
23234807	LeBatardShow	Dan Le Batard Show
294119711	Stugotz790	Jon Weiner
280678289	GlodowNead	Glodow Nead
202218613	JimMcLeanTexas	Jim McLean Texas
2800417798	JimMcLeanMBGC	Jim Mclean MBGC
43115741	heykatieevans	katie evans!
1674390630	ladyandprince	Lady & Prince
272022328	SteveJMorrissey	Steve Morrissey
102268173	PaulSwaney	Paul Swaney
776155141	ChrisGreenPics	Chris Green Photo
48998844	Cmiddaughgolf	Chad Middaugh
3047631141	GrownUpishBlog	GrownUpish
305807661	wcuebas	The GolfFather 
305807661	wcuebas	The GolfFather 
20638400	gasuarez	Glenda A. Suarez
43339160	BRGolfer	Brian Remsberg
329976371	MCGreenlaw	Green
429158373	dothedaniel	Daniel Reyes
716738379	BeauStack	Beau Stack
3076271787	GoCoastToCoast	C2C Designs
33599004	renebb	Ren Butin Bik
42473250	msmaliamack	Malia Mack
562818207	leahminayo	leah minayo
2341564103	FifitFiona	Fiona Abbott
1433356862	DefenseOne	Defense One
2564289443	scapesrus	BRIAN LEE HENDERSON
2310147836	HankHaneyRadio	Hank Haney Radio
45056461	CoachesHotSeat	Coaches Hot Seat
23492242	vvirga	Vince Virga
1900642800	1Tosh_Fan	Steppin' Razor
522495207	StraussMax	Max Strauss
245534374	DaisySociety	Daisy Olivera Miami
2294989927	QuietOnTheTee	QuietOnTheTee
330991548	ckalm9	Chris K
141423686	Marzan1	Alberto Marzan
518192466	johnohail	John Ohail
2364311708	JLindeberg_Golf	J.Lindeberg Golf
227425613	dpbays	Dave Baysden
396781889	JohnstonGarrett	Garrett Johnston
399365405	GolfMagic	GolfMagic.com
1374558536	Sellstant	Sellstant
309748017	CDWgolf	CDWgolf
1546228446	PP3_75025	PP3
18835765	jrsteinbauer	JR Steinbauer
3060220689	greenskydetroit	Green Sky
896019025	sandella6	John Sandella
43393535	DavidJCaldwell	David Caldwell
2696996570	BoomBoomGolf1	Gia Guerra Golf
2569991477	Dinoraorozco15	Dinora
1442255490	TomGWilliams	Tom G Williams
835664672	SeanMichaelNBC	Sean Michael NBC
351869125	dylan_helfrick	Dylan
1426548096	KristenTaekman	Kristen Taekman
29508067	grantwgates	Grant Gates
32522396	zdecicco	Zach DeCicco
259406481	twc14	TWC
207576133	TurfUnderground	Eric J. von Hofen
2317168760	kimberlyeibarra	kimberly ibarra
1244802506	BloomfieldGolf	Johnny Bloomfield
2364052157	ardogolf55	Chris Ardolina
469503555	jonclarke82	Jon Clarke
337714217	DavidMurrayPGA	DAVID MURRAY
291890826	MarcHochman	Marc Hochman
65066677	joepassov	Travelin' Joe Passov
54384204	bosslegal	Judy
41150878	ZachKrantz	Zach Krantz
2415763208	GMac_Apparel	G-Mac Apparel
865518097	WorldGolfer	Jason Scott Deegan
64785149	eyewonit	Nancy  Reid
91353425	Captain47	Joe Bacigalupo
453639106	_Billy_613	Billy
105272955	SiriusXMPGATOUR	SXM PGA TOUR Radio
18641895	R_RICARDEZ	ROLANDO RICARDEZ
2900094910	FreeYourGolf	Free Your Golf
301817957	LakersCanes305	Armando in Miami
950572585	DanHauserGolf	Dan Hauser
976801489	lionel_pbb	Lionel LPBB
21505014	mlo22	Mari
75306892	MissUSA	Deshauna Barber
70771229	ThomasARoberts	Thomas Roberts
65186457	PrinceRoyce	Prince Royce
69314115	MissTeenUSA	MISS TEEN USA
31690738	momandbrands	Mom and Brands
27733550	Pfro	Paula Froelich
110787459	missuniversero	MissUniverse Romania
743699371	missuniverse_pr	Miss Universe PR
119179464	missuniverseUSA	Leah
75094638	MissUniverse	Pia Alonzo Wurtzbach
2879860690	Doral_Arts	Doral Art Coalition
18952052	Heather_KS	Heather
321660575	MoniqueOMadan	Monique O. Madan
283052420	Michael__Putnam	Michael putnam
237868759	BrendanAMurphy	Brendan Murphy
1733015036	monicaodonald	NubiaGlam Artistry
159357409	necdettasking	Necdet Takn
82490443	kingfishl28	mark dixon
31927467	pitbull	Pitbull
1578289926	XNYDNHankGola	Hank Gola
459459562	RicRenFSSW	Ric Renner
18751974	laurierinker	Laurie Rinker
15139633	Mark_Cuban	Mark_Cuban
66395780	chevrolet	Chevrolet
1115983164	InsideSouthFL	Inside South FL Show
164844314	10NewsJason	Jason Martinez
1551212582	PSAVTrumpDoral	PSAV Trump Doral
272603764	BKoepka	Brooks Koepka
244207063	PeterUihlein	Peter Uihlein
222214811	ScottRude120	Scott Rude
1343070660	CarlSoderberg	Carl Sderberg
121721625	TrumpDoonbeg	Trump Doonbeg
2325495378	TrumpGolf	Trump Golf
27151820	InSouthFlorida	In South Florida
168970427	tonysantacruz	tony williams
57507058	LinksNation	LinksNation
374822255	skift	Skift
474439904	ryantannehill1	Ryan Tannehill
45772968	Kold91	Mr. Wake
288573635	AdamsGolf	Adams Golf
472442403	JasonTaylor	Jason Taylor
324856762	JimmyRobertsNBC	Jimmy Roberts
208445020	IJPDesign	IJP Design
205313268	HOGGOLFBLOG	HookedOnGolfBlog.com
114043837	laurbodd	Laurie Boddiford
16873820	TitleistJoeV1	Joe Gomes
22986573	kylepractor	Kyle Gosselin
66257390	MichaelHuh3	Michael Huh
727014907	HalleeGolfman	Mike Hallee
65262023	cjmeyergolf	CJMeyergolf
302868182	LifeOnTheLinks	LifeOnTheLinks
52553504	golfprotalk	GolfProTalk
302656567	G_O_L_F_1	Sarah Mendelli
766554650	EvanElder1	Evan Elder
577699563	PlayGolfradar	Golfradar
81934716	rickwilliamspga	Rick Williams
344749616	CBS4NewsMag	CBS4 News Magazine
50553068	TrackManGolf	TrackMan Golf
178346808	Golf_ProZack	Zack Miller
211686378	MarcWarrenGolf	Marc Warren
621675725	RedFaceGolf	RedFaceGolf
348068215	RyanBurr	Ryan Burr
314443860	TheTodaysGolfer	Today's Golfer
1190000696	TakingTheDivot	TakingTheDivot
20302669	MattCooperGolf	Matt Cooper
55548557	tennisty	Tennisty
376354115	BobbiBryce4Golf	Bobbi Bryce
500249216	golfingfitness	Christian Henning
255433168	HowtoGolfApp	How to Golf App
56568222	MdavidsonL	Mackenzie Davidson
42624130	morettmj	Matt Moretti Jr.
805018507	MatthewJEllis2	Matthew J. Ellis
29674344	byronlk	Byron Kalies
21612700	jformantennis	Jane Forman Sports
71572617	ohrover13	Jim Veator
478277289	REMiamiAgent	REMiamiAgent
86373317	LaPelletier	Elia Pelletier
1925321640	PmaSailingTours	PanamaSailingTours
257190073	tacohealer	James Hartman
535639771	BobFlanders_PGA	Bob Flanders
48035967	EddieBeqaj	Eddie Beqaj
17633761	L5S1ouch	Rhonda
1525368056	vPhilGeorge	Phil George
344535258	JohnBR3SLIN	John Breslin
365140896	mbill3487	MBILL
400953393	MarkMurphyGolf	Mark Murphy
203608323	cajunkiwi	Craig Perks
200475524	christianiooss	Christian Iooss
212966752	DJPie	D.J. Piehowski
15147008	PinehurstResort	Pinehurst Resort
78018902	AJGAGolf	AJGA
39506918	PaulEalesGolf	PaulEalesGolf
29446168	carodelrivero	Carolina del Rivero
203052745	Reimer_pgatour	Chris Reimer
299844257	CABAatWork	CABA
