245963716	TiffanyATrump	Tiffany Trump
733335574543794176	TrumpJupiter	Trump Jupiter
720610918355361794	TrumpPalmBeach	Trump Palm Beach
2325495378	TrumpGolf	Trump Golf
835721828	TrumpTower	Trump Tower New York
361400752	trumpwinery	Trump Winery
54013169	TrumpTurnberry	Trump Turnberry
3300701782	TrumpBedminster	Trump Bedminster
1265452904	TrumpNationalNY	Trump Westchester
1140041857	TrumpScotland	Trump Scotland
119157187	TrumpWaikiki	Trump Waikiki
121721625	TrumpDoonbeg	Trump Doonbeg
191726210	TrumpPanama	Trump Hotel Panama
237920783	TrumpToronto	Trump Toronto Hotel
67119128	TrumpHotels	Trump Hotels
48223726	TrumpChicago	Trump Hotel Chicago
82504071	TrumpLasVegas	Trump Vegas Hotel
402807652	TrumpGolfPhilly	Trump Philadelphia
205938621	TrumpColtsNeck	Trump Colts Neck
2584178156	TrumpGolfHV	Trump Hudson Valley
2314391886	TrumpDC	Trump Washington DC
1013672084	TrumpGolfDC	Trump Washington DC
29562422	TrumpGolfLA	Trump Los Angeles
633797941	TrumpDoral	Trump National Doral
726414091	TrumpCharlotte	Trump Charlotte
2174527993	TrumpRealty	Trump Int'l Realty
20535237	TrumpSoHo	Trump SoHo
184890642	TrumpNewYork	Trump New York
154567275	EricTrumpFdn	The Eric Trump Fdn
2813604714	TrumpFerryPoint	Trump Ferry Point
474989905	TrumpModels	Trump Models
39344374	DonaldJTrumpJr	Donald Trump Jr.
39349894	EricTrump	Eric Trump
52544275	IvankaTrump	Ivanka Trump
25073877	realDonaldTrump	Donald J. Trump
