2727786467	ConnorsCure	ConnorsCure
1195370804	StephMcMahon	Stephanie McMahon
25073877	realDonaldTrump	Donald J. Trump
355708717	TripleH	Triple H
177355165	WWEAuctions	WWE Auction
27744721	howardfinkel	Howard Finkel
368703433	WWENetwork	WWE Network
360025190	WWEInsider	@WWEInsider
515722353	WWESheamus	Sheamus
256155587	GreatestMatches	WWE Greatest Matches
556342178	WWEinvestor	WWE Investor
203258011	StandUpForWWE	Stand Up For WWE
270497886	WWEClassics	WWEClassics.com
89288695	WWEpublishing	WWE Publishing
185449401	AJBrooks	AJ Mendez Brooks
110895343	WWENXT	WWE NXT
89556802	JRsBBQ	Jim Ross
119511875	WWEMusic	WWE Music Group
177345928	CMPunk	Coach
28301551	ZackRyder	Zack Ryder
24529777	mikethemiz	The Miz
141664648	JohnCena	John Cena
15290441	WWEUniverse	WWE Universe
262310943	WrestleMania	WWE WrestleMania
7517222	WWE	WWE
